"signature__source","signature__version","count","fields","data__001","data__002","data__003","data__004","data__005","data__006","data__007","data__008","data__009","data__010","data__011"
"NASA/JPL SBDB Close Approach Data API","1.4","491","des","152680","35","2420498.000375301","1914-Dec-31 12:01","0.0015574336824844","0.00155319713601045","0.00156167145646694","21.1045856776594","21.023365778068","< 00:01","19.4"
"","","","orbit_id","163132","124","2424393.484917308","1925-Aug-30 23:38","0.00231903745834309","0.00231373794183209","0.00232436479628465","26.4761515050258","26.4327198787829","< 00:01","18.42"
"","","","jd","308635","135","2455874.478458848","2011-Nov-08 23:29","0.00217202725316259","0.00217202298799098","0.00217203151835729","13.7164974835211","13.6267697546619","< 00:01","21.65"
"","","","cd","458732","82","2421854.433530628","1918-Sep-17 22:24","0.00233967337205527","0.00233857823663232","0.00234088943003291","12.9886132943755","12.9006365974032","00:04","17.98"
"","","","dist","1991 BA","12","2448275.221282963","1991-Jan-18 17:19","0.00112446043413181","0.000929412966091522","0.00131854503214437","17.8888069342035","17.7558522302169","00:02","28.6"
"","","","dist_min","1993 KA2","13","2449128.359670958","1993-May-20 20:38","0.000997392179898225","0.000993261104067781","0.00100152301049916","24.0496273880613","23.9382891102778","< 00:01","29.0"
"","","","dist_max","1994 ES1","13","2449427.219575344","1994-Mar-15 17:16","0.00112895189306538","0.00112551333269192","0.00113239014852898","18.6634607599846","18.5365718707926","< 00:01","28.5"
"","","","v_rel","1994 XM1","10","2449696.288091836","1994-Dec-09 18:55","0.000703840697550953","0.00068622480304322","0.000721426776786566","11.3160323028891","10.9763987840976","00:02","28.2"
"","","","v_inf","2002 JE9","51","2441052.606287679","1971-Apr-11 02:33","0.00178820175890372","0.00166391602752811","0.00192617703843057","13.2166952002567","13.1034715378991","00:14","21.4"
"","","","t_sigma_f","2002 MN","19","2452439.585356751","2002-Jun-14 02:03","0.000802120014394821","0.00080149790688339","0.000802742069198423","10.574933617567","10.2560045003333","00:02","23.6"
"","","","h","2003 HW10","10","2452758.766782993","2003-Apr-29 06:24","0.00220629986171607","0.00220414558030993","0.00220845408930842","13.3106958635747","13.2196553255054","< 00:01","27.0"
"","","","","2003 SQ222","8","2452910.455645348","2003-Sep-27 22:56","0.000563056369189049","0.000561596174218194","0.000564516295097979","15.4264792746878","15.116610720933","< 00:01","30.1"
"","","","","2003 UM3","7","2452924.581178546","2003-Oct-12 01:57","0.00185364539944093","0.00150753136645287","0.00220134042529704","12.8947704834191","12.782810820609","21:18","28.1"
"","","","","2003 XJ7","9","2452980.294771002","2003-Dec-06 19:04","0.000990617054842303","0.000989495720613654","0.000991738342991924","16.9288118517048","16.7691752064217","< 00:01","26.4"
"","","","","2004 FU162","11","2453096.149229168","2004-Mar-31 15:35","8.63189689546789e-05","2.32222050518807e-05","0.000196402067904961","13.3906449624196","10.8431411817427","01:32","28.7"
"","","","","2004 HE","8","2453113.514889586","2004-Apr-18 00:21","0.00184974909825208","0.00184800537144953","0.001851492798257","18.2508279793705","18.1717311506894","< 00:01","26.8"
"","","","","2004 RU109","9","2453262.155067049","2004-Sep-13 15:43","0.0024657048538189","0.00245988652781394","0.00247152284351785","12.934160766566","12.8503417606922","< 00:01","26.4"
"","","","","2004 ST26","7","2453270.480235684","2004-Sep-21 23:32","0.00245709319688152","0.00245128362206315","0.00246290264328448","21.3803584056318","21.3295785112717","00:02","26.3"
"","","","","2004 UH1","8","2437232.148673672","1960-Oct-24 15:34","0.00123030862494184","0.00104453984914588","0.00580136300211582","11.794496427383","11.6094248806011","02:50","28.1"
"","","","","2004 UH1","8","2453303.230305188","2004-Oct-24 17:32","0.00198182956178897","0.00197900614976541","0.00198465284031238","11.7466550624737","11.6316377391262","< 00:01","28.1"
"","","","","2004 XB45","10","2453356.298495852","2004-Dec-16 19:10","0.00217441881582773","0.00217028020289304","0.00217855729819744","17.1255711421577","17.0538686559429","< 00:01","26.2"
"","","","","2004 YD5","7","2453359.359512180","2004-Dec-19 20:38","0.000226525127435088","0.00022600375691978","0.000227046449362596","25.3540893932745","24.8858402988563","< 00:01","29.3"
"","","","","2005 BS1","9","2453383.925827820","2005-Jan-13 10:13","0.00175532769103293","0.00174694435370343","0.00176370935699093","12.5062310626873","12.3842617284051","00:10","27.5"
"","","","","2005 FN","9","2453448.405240005","2005-Mar-18 21:44","0.000962711963141293","0.000961701354546368","0.00096372249462606","10.6237993829195","10.3600073306426","< 00:01","26.9"
"","","","","2005 TK50","10","2453653.669293362","2005-Oct-10 04:04","0.000890942525009157","0.000602847666699304","0.00117738076808928","17.953335002669","17.7859770030991","00:45","29.1"
"","","","","2005 WN3","7","2453700.522189036","2005-Nov-26 00:32","0.00056036079628849","0.000556189905813963","0.000564530910641707","19.3022296657776","19.0542960889412","< 00:01","29.9"
"","","","","2005 XA8","12","2453709.966765173","2005-Dec-05 11:12","0.00145219166969304","0.00144846291394087","0.00145591996331494","12.2186908701318","12.0675933494682","< 00:01","25.7"
"","","","","2006 BF56","9","2453764.939339105","2006-Jan-29 10:33","0.00136740602874035","0.00136520875652752","0.0013696032595874","25.4468872473938","25.3701978876765","< 00:01","29.6"
"","","","","2006 DD1","9","2453789.789155485","2006-Feb-23 06:56","0.00078532887852675","0.000784949984132816","0.000785707764399653","17.2252727728028","17.0271660171335","< 00:01","26.5"
"","","","","2006 DM63","8","2453790.662158932","2006-Feb-24 03:54","0.00153026082863804","0.0015161639193554","0.00154436036121805","10.5047424611388","10.3376606788927","00:46","26.7"
"","","","","2006 OK3","9","2453939.947781067","2006-Jul-23 10:45","0.00187767808328276","0.00187635812457206","0.0018789980186381","14.7271196132811","14.6304475132893","< 00:01","27.1"
"","","","","2006 QM111","8","2453979.395774825","2006-Aug-31 21:30","0.00106895900354906","0.00106519732526646","0.00107272033280832","18.9654796413285","18.8335931982713","< 00:01","27.6"
"","","","","2006 UE64","9","2454029.611189354","2006-Oct-21 02:40","0.00113674840886327","0.00112715906593544","0.00114633326924458","11.8070629480985","11.6068444956422","00:04","28.0"
"","","","","2006 UJ185","9","2454039.196567697","2006-Oct-30 16:43","0.00178596600977921","0.00178271297030391","0.00178921895442713","15.5939151744769","15.4979480649002","00:02","27.9"
"","","","","2006 WV","12","2454060.921833682","2006-Nov-21 10:07","0.00232863198960974","0.00232558038472831","0.00233168351087415","14.7586786828721","14.6809450009486","< 00:01","27.2"
"","","","","2006 WP1","7","2454056.141283911","2006-Nov-16 15:23","0.00207553166201908","0.00206546857970035","0.00208559413317488","18.0168941593131","17.9454997185198","00:05","28.2"
"","","","","2006 WX29","8","2454059.741178625","2006-Nov-20 05:47","0.00220664762853264","0.00217890059456618","0.00223439213509558","21.1509216663566","21.0937557240333","00:13","27.8"
"","","","","2007 CC27","12","2454143.027766384","2007-Feb-11 12:40","0.00221063343052926","0.00219892356801787","0.0022223409583517","10.9420328693614","10.8313194359135","< 00:01","27.0"
"","","","","2007 DN41","10","2454152.903144772","2007-Feb-21 09:41","0.00201995518409314","0.00201635811368136","0.0020235520667977","13.0595708831537","12.958172508774","< 00:01","26.4"
"","","","","2007 EH","17","2454170.568007880","2007-Mar-11 01:38","0.00117436216026787","0.00117428583253395","0.00117443848799286","17.4029748398997","17.2721100626741","< 00:01","27.6"
"","","","","2007 RS1","8","2454348.554719322","2007-Sep-05 01:19","0.000491684059353267","0.000490967567362547","0.000492400407001446","12.1465852167136","11.6919355030478","< 00:01","30.9"
"","","","","2007 UO6","7","2454391.119407950","2007-Oct-17 14:52","0.00245408454815067","0.00237991476656976","0.00252818862443782","11.9411702890772","11.8498980115352","00:20","27.3"
"","","","","2007 US51","14","2454403.754043493","2007-Oct-30 06:06","0.00149496614045931","0.00148961518510232","0.00150031654364239","15.3136619764809","15.1968299833644","< 00:01","27.2"
"","","","","2007 VF189","7","2454418.639376117","2007-Nov-14 03:21","0.001563289938165","0.00156156100075942","0.00156501878612729","11.6118488453196","11.464127677817","< 00:01","28.3"
"","","","","2007 YP56","7","2454462.201518308","2007-Dec-27 16:50","0.00138370461735444","0.00137530808598339","0.00139210031134371","21.3472536775856","21.2568580451757","00:11","25.8"
"","","","","2008 BC15","9","2454497.054534621","2008-Jan-31 13:19","0.00197727086614988","0.00196631560193708","0.00198822525700434","20.6963861457845","20.631172807701","< 00:01","26.6"
"","","","","2008 CT1","7","2454501.794128085","2008-Feb-05 07:04","0.000887142788662161","0.000867828546595536","0.000906459751387622","13.98147443869","13.7649827199733","00:39","27.7"
"","","","","2008 CK70","14","2454511.513240170","2008-Feb-15 00:19","0.00248136684180905","0.0024798009223903","0.00248293274778467","15.4438052639025","15.3741188692226","< 00:01","24.9"
"","","","","2008 EF32","7","2454535.724611094","2008-Mar-10 05:23","0.000441691971063593","0.000334041534905161","0.000551161666684768","13.5793919843923","13.127643013285","05:08","29.4"
"","","","","2008 EM68","7","2454536.345097032","2008-Mar-10 20:17","0.00149426046895749","0.000379814278551719","0.00262473273185124","17.5645885206367","17.4627742616362","1_11:40","27.5"
"","","","","2008 FK","11","2454548.902347000","2008-Mar-23 09:39","0.00216992279698976","0.00215605030058537","0.00218379300664634","13.2684397876794","13.1755707922563","00:06","27.3"
"","","","","2008 FP","9","2454554.985340382","2008-Mar-29 11:39","0.00113857656201531","0.00113695403994512","0.00114019906327182","32.6352436138819","32.5634573799267","< 00:01","26.3"
"","","","","2008 GF1","9","2454564.171413695","2008-Apr-07 16:07","0.00196327656320618","0.00195119085687021","0.00197536042444662","14.6200215699838","14.5268961519465","< 00:01","28.3"
"","","","","2008 TS26","9","2454748.646048405","2008-Oct-09 03:30","8.44809011695201e-05","7.79397740262867e-05","9.09013529371405e-05","15.7641714138192","13.6172773878383","00:03","33.2"
"","","","","2008 US","9","2454760.479317384","2008-Oct-20 23:30","0.000219880276696273","0.000202485852594041","0.000237201952593014","19.1527656703201","18.5092599630027","00:15","31.4"
"","","","","2008 UM1","13","2454761.664273841","2008-Oct-22 03:57","0.000571892483773479","0.000222335323643452","0.000905454522355699","18.1432808597933","17.8846450216981","00:13","32.1"
"","","","","2008 VM","7","2454774.437892896","2008-Nov-03 22:31","0.000308979979579532","0.000288921087733566","0.00032896488662139","11.0406319444018","10.2297905807776","00:09","30.2"
"","","","","2009 CC2","7","2454865.194747300","2009-Feb-02 16:40","0.00125615120280421","0.00117007243969248","0.00134231778377752","19.8273953844654","19.7201246685644","02:09","27.8"
"","","","","2009 EW","12","2454896.651026080","2009-Mar-06 03:37","0.00226510663562988","0.00226190282834592","0.00226831031309827","12.8707199027008","12.7789984129278","< 00:01","26.4"
"","","","","2009 EJ1","7","2454890.328909301","2009-Feb-27 19:54","0.000411454901887197","0.000384002499305063","0.000439253534104897","11.4866658627334","10.9083450345031","05:53","28.4"
"","","","","2009 JF1","8","2454957.318554181","2009-May-05 19:39","0.00195583429361365","0.00195470534361708","0.00195696323805852","24.0083911840386","23.9515803219917","< 00:01","27.73"
"","","","","2009 JL2","8","2454965.397203415","2009-May-13 21:32","0.00177353149760635","0.00177052739742844","0.00177653540924581","12.9238809204732","12.8071066962368","< 00:01","26.0"
"","","","","2009 KR21","8","2454983.921645722","2009-Jun-01 10:07","0.00189563745959055","0.00186082911865641","0.00193043046035402","12.978536280977","12.8697798835254","00:02","26.7"
"","","","","2009 TB","8","2455105.673909586","2009-Oct-01 04:10","0.000464199773646738","0.000361065245113215","0.0005774751705304","15.0973261670451","14.7122185711631","11:46","29.2"
"","","","","2009 TU","14","2455113.492976776","2009-Oct-08 23:50","0.00203812964984902","0.00203559039829962","0.0020406688305957","15.2572310893081","15.1713041190498","< 00:01","27.3"
"","","","","2009 UU1","12","2434308.695904220","1952-Oct-23 04:42","0.0017389444021579","0.0017363974129487","0.148270351021373","10.988428362013","10.8480910221445","9_02:05","24.7"
"","","","","2009 WJ6","9","2455155.964584359","2009-Nov-20 11:09","0.00118507427376414","0.0011842376314948","0.0011859109004072","18.2370536184826","18.1133485305608","< 00:01","27.4"
"","","","","2009 WP6","8","2455151.117332248","2009-Nov-15 14:49","0.00176253523291052","0.00174126708151853","0.00178380150043736","25.3390992924783","25.279368875445","00:12","26.8"
"","","","","2009 WQ6","7","2455152.273659462","2009-Nov-16 18:34","0.00234999029617703","0.00234304320931873","0.00235693688559819","12.4190697168694","12.3274344970392","00:03","29.2"
"","","","","2009 WV51","9","2455160.329149795","2009-Nov-24 19:54","0.00100775484342762","0.00100543099019297","0.00101007839795583","13.7991750965891","13.606222176106","< 00:01","27.1"
"","","","","2010 HP20","7","2455305.358717697","2010-Apr-18 20:37","0.0015980850559421","0.000210410528801068","0.0029465484280128","10.7692865874517","10.6133379979641","10:15","27.5"
"","","","","2010 KO10","19","2455339.663219501","2010-May-23 03:55","0.00115818175432034","0.00115600145288644","0.00116036180797404","11.939931407743","11.745672396833","< 00:01","27.1"
"","","","","2010 KK37","11","2456067.448179041","2012-May-19 22:45","0.00148027294283399","0.000388305133777142","0.0393362093924869","11.1724981046862","11.0102102639787","4_06:55","25.7"
"","","","","2010 KV39","9","2455343.404430157","2010-May-26 21:42","0.00167489634487883","0.00167156206648705","0.00167823021825598","10.4418063054022","10.2883261106986","< 00:01","26.8"
"","","","","2010 SK13","11","2455470.165995620","2010-Sep-30 15:59","0.00177520836418037","0.00177315815409674","0.00177725853301132","18.6296164206966","18.5488740932544","< 00:01","27.4"
"","","","","2010 TD54","12","2455481.951215127","2010-Oct-12 10:50","0.000346192340317724","0.000345973303446735","0.000346411365301171","17.5357697471139","17.0912305848705","< 00:01","28.9"
"","","","","2010 TN55","11","2455480.549295146","2010-Oct-11 01:11","0.00218540726060064","0.00217671783426322","0.00219409644710941","25.3924745828362","25.3444143204677","00:03","26.9"
"","","","","2010 UE","7","2455485.927947354","2010-Oct-16 10:16","0.000766326366087661","0.0007327479573169","0.000799964793095444","17.3252620636903","17.1233992910299","00:55","29.6"
"","","","","2010 VN1","13","2455503.253794695","2010-Nov-02 18:05","0.00086561017030906","0.000863358535907776","0.000867861315497173","11.2828755935925","11.0066788107662","< 00:01","28.3"
"","","","","2010 VR21","9","2455508.466310537","2010-Nov-07 23:11","0.00237529631025748","0.0023625264200829","0.00238806407881692","14.2515563106135","14.1726273183002","00:02","29.255"
"","","","","2010 WA","9","2455517.655999916","2010-Nov-17 03:45","0.000259712663835881","0.000259380783033896","0.000260044468708426","13.0676445791682","12.2574330083221","< 00:01","30.0"
"","","","","2010 WC9","24","2458254.420269486","2018-May-15 22:05","0.00135671060609682","0.00135665663463052","0.00135676457762705","12.8100244769842","12.6557842486009","< 00:01","23.5"
"","","","","2010 XB","8","2455531.253809132","2010-Nov-30 18:05","0.000352217483348592","0.000351468666220505","0.000352966307593472","19.9479197383282","19.5650137401981","00:02","29.6"
"","","","","2010 XR","11","2455530.417186175","2010-Nov-29 22:01","0.00128660878712966","0.00116021021746133","0.00141293319970157","19.6198246986433","19.513986193493","02:50","26.9"
"","","","","2011 AN52","8","2455579.471798448","2011-Jan-17 23:19","0.00213165460890343","0.0021232517429328","0.002140056823418","15.9244992448958","15.8458120533995","< 00:01","28.6"
"","","","","2011 BW11","8","2455586.773540423","2011-Jan-25 06:34","0.000861243982816487","0.000858337691151222","0.00086415012462801","23.953744333784","23.8242387961862","00:02","28.3"
"","","","","2011 CF22","7","2455598.986157402","2011-Feb-06 11:40","0.000268632877916303","0.00023753469766751","0.000300126033074419","19.6078974818422","19.0953479948025","02:56","30.876"
"","","","","2011 EN11","8","2455623.865952247","2011-Mar-03 08:47","0.00166074874550951","0.00165736319040212","0.00166413405890008","11.2086222654162","11.0645580272668","00:02","27.9"
"","","","","2011 EY11","10","2455627.643585891","2011-Mar-07 03:27","0.000876050028803337","0.000875246433060065","0.000876853565037388","11.8574702059128","11.5981317859269","< 00:01","28.5"
"","","","","2011 EM40","9","2455628.670503716","2011-Mar-08 04:06","0.00161641798397853","0.00160809904230203","0.00162473470988724","10.7938677023987","10.6400568492215","00:02","28.0"
"","","","","2011 GW9","10","2455657.704036081","2011-Apr-06 04:54","0.00132954060099588","0.00132754364932828","0.00133153735914883","11.3588115923916","11.1809874558848","< 00:01","28.1"
"","","","","2011 GP28","6","2455658.317954202","2011-Apr-06 19:38","0.000635679996595213","0.000632654199743348","0.00063870671088058","14.8147342507923","14.5290490786486","00:15","29.4"
"","","","","2011 SE58","8","2455831.615644981","2011-Sep-27 02:47","0.00158755481543372","0.00158372406412811","0.00159138532796077","15.8374858031789","15.7311553329074","< 00:01","27.8"
"","","","","2011 SM173","7","2455835.210095022","2011-Sep-30 17:03","0.00194245180401845","0.00193618724239843","0.00194871572453026","12.7099791009187","12.6015931535691","< 00:01","27.8"
"","","","","2011 UX255","7","2455863.238622241","2011-Oct-28 17:44","0.000926363015920254","0.000921202006026018","0.000931523701232108","27.0256154234159","26.9189771198924","00:05","27.4"
"","","","","2011 XC2","15","2455899.139573579","2011-Dec-03 15:21","0.00232213307983997","0.00231484956029024","0.00232941657931518","20.9276436447053","20.8727433159576","00:05","23.2"
"","","","","2011 YC40","5","2455923.604926613","2011-Dec-28 02:31","0.000714444099266846","0.00070701807113048","0.000721858706968471","11.370671340026","11.0378113094204","00:15","29.7"
"","","","","2011 YC63","5","2455925.594542610","2011-Dec-30 02:16","0.00161015941814006","0.00159700581491779","0.00162331126944147","18.8014551072523","18.7132340773975","00:07","29.0"
"","","","","2012 DY13","8","2455978.446828703","2012-Feb-20 22:43","0.000731994217915256","0.000730419345945431","0.000733568911542769","17.1993978055326","16.9864425108981","< 00:01","27.8"
"","","","","2012 EZ1","5","2455987.941715266","2012-Mar-01 10:36","0.00154696135706273","0.00153398851829545","0.00155993087516494","13.7770434028451","13.6514517121381","00:02","28.8"
"","","","","2012 FP35","8","2456012.743957133","2012-Mar-26 05:51","0.00107096311392517","0.00107038181049581","0.00107154440185301","14.184657987729","14.0081642558175","< 00:01","27.9"
"","","","","2012 HM13","6","2456036.987004042","2012-Apr-19 11:41","0.00187681539202022","0.00186924835134373","0.00188438144106748","13.0523005149051","12.9430748484914","< 00:01","28.2"
"","","","","2012 JU","7","2456061.055860883","2012-May-13 13:20","0.00135509335043461","0.00135372570037514","0.00135646094689396","13.3760304309626","13.2282141721606","< 00:01","28.3"
"","","","","2012 KA","7","2456065.266540912","2012-May-17 18:24","0.00150014708930059","0.00149759538444561","0.00150269865668531","14.4960096279124","14.3729608762777","< 00:01","28.6"
"","","","","2012 KP24","10","2456076.139467137","2012-May-28 15:21","0.000382930861828159","0.000382677610028121","0.000383184089687825","13.2674687385078","12.7322222874855","< 00:01","26.4"
"","","","","2012 KT42","19","2456076.796394785","2012-May-29 07:07","0.000139124777593185","0.000139087152931145","0.000139162400660416","17.0376019609099","15.8737655467927","< 00:01","29.0"
"","","","","2012 TV","8","2456208.128454832","2012-Oct-07 15:05","0.00170420283940256","0.001702573027895","0.00170583261828116","16.794471454511","16.7011173426536","< 00:01","25.2"
"","","","","2012 TY52","26","2445277.838614224","1982-Nov-04 08:08","0.00210131839093156","0.00209065614469034","0.00211222885779932","15.3526699900539","15.2698548969012","00:03","21.4"
"","","","","2012 VH77","9","2456244.374012657","2012-Nov-12 20:59","0.00133479779275853","0.00132540640207457","0.00134418556241339","11.2769503027774","11.0985257616743","< 00:01","27.3"
"","","","","2012 XE54","9","2456272.919865709","2012-Dec-11 10:05","0.00150474335681735","0.00150315718676718","0.00150632946162854","13.2694893787751","13.1353685952242","< 00:01","25.4"
"","","","","2013 BR27","8","2456308.479703265","2013-Jan-15 23:31","0.0014567715127917","0.00145030281341356","0.00146323849606973","11.1628898889657","10.9978202355942","00:05","27.8"
"","","","","2013 CY32","5","2456329.161901795","2013-Feb-05 15:53","0.00070309592665272","0.000699002892834563","0.000707188586209224","32.204414442029","32.0865241606131","00:02","28.1"
"","","","","2013 EC","7","2456355.817633720","2013-Mar-04 07:37","0.00245617511547642","0.00244929479900965","0.00246305523371163","20.185179104482","20.1313645520634","< 00:01","27.8"
"","","","","2013 HT25","7","2456401.075075069","2013-Apr-18 13:48","0.000360172149723719","0.000357238399389184","0.000363105803567534","29.8198407959177","29.5707172260138","00:06","28.8"
"","","","","2013 PS13","7","2456513.722810184","2013-Aug-09 05:21","0.00136670730149741","0.00136595275368581","0.00136746183878038","17.3936599387542","17.2812118770955","< 00:01","27.2"
"","","","","2013 RG","6","2456538.935143432","2013-Sep-03 10:27","0.00151045509765297","0.00150929242476979","0.00151161774708442","16.174099432717","16.0646644555337","< 00:01","29.4"
"","","","","2013 RF32","5","2456540.976354879","2013-Sep-05 11:26","0.00112172514286751","0.00111235218024694","0.00113109848867928","19.8457389753214","19.7256856449168","00:28","28.7"
"","","","","2013 TR12","5","2456569.911150534","2013-Oct-04 09:52","0.00143459067761903","0.00142726453245144","0.00144191552712976","14.5008435163464","14.3721899189587","< 00:01","28.5"
"","","","","2013 TL127","7","2456574.600583126","2013-Oct-09 02:25","0.00251562126791602","0.00250999091737115","0.0025212513957807","13.9925404264117","13.9166389843402","00:02","26.7"
"","","","","2013 UG1","35","2443068.681390785","1976-Oct-17 04:21","0.00219403570222022","0.00219393940541257","0.00219413231763049","14.215906830182","14.1302218089874","< 00:01","22.5"
"","","","","2013 UR1","8","2456587.420401196","2013-Oct-21 22:05","0.00167951890685689","0.00167465916208232","0.001684378483556","21.8486539744901","21.7759218559241","< 00:01","27.9"
"","","","","2013 UV3","9","2456595.409141026","2013-Oct-29 21:49","0.00189265387261962","0.00188743383094558","0.00189787363014242","16.6858209953458","16.6012355264146","< 00:01","26.8"
"","","","","2013 WH25","5","2456625.531972829","2013-Nov-29 00:46","0.000894890076289508","0.000867530597061472","0.000922218768265162","21.0468979739135","20.9049525035453","00:08","29.6"
"","","","","2014 AF5","5","2456659.175691230","2014-Jan-01 16:13","0.000642886971570263","0.000640948840621964","0.000644824764908204","14.6196369070996","14.3333414330941","00:01","28.8"
"","","","","2014 AW32","7","2430005.033926384","1941-Jan-10 12:49","0.000944858949902826","0.000698362114446649","0.00689060175840498","12.4211511740483","12.1920074213678","05:23","27.5"
"","","","","2014 AW32","7","2456668.402745262","2014-Jan-10 21:40","0.00124743504538008","0.00124657883357289","0.00124829122474552","12.3682776530026","12.194357683362","< 00:01","27.5"
"","","","","2014 AG51","5","2456666.829078414","2014-Jan-09 07:54","0.000876779422812948","0.000874068736315073","0.000879489864946481","15.0366546870097","14.8331758508124","00:02","29.9"
"","","","","2014 DK10","12","2456709.977190341","2014-Feb-21 11:27","0.00174006360518007","0.00173822825811536","0.00174189887194909","12.0186578835232","11.8905689242089","< 00:01","27.7"
"","","","","2014 DX110","9","2456722.374669519","2014-Mar-05 21:00","0.00232849143568535","0.00232592488876792","0.0023310579236683","14.8428300684481","14.7655347333073","< 00:01","25.7"
"","","","","2014 EC","12","2456723.387581838","2014-Mar-06 21:18","0.000411624492893169","0.000411491998263867","0.000411756983722518","16.012387813752","15.6028971130412","< 00:01","28.2"
"","","","","2014 EF","6","2456722.638854831","2014-Mar-06 03:20","0.00113244865660176","0.00113081865830542","0.00113407855850722","15.0859495988349","14.9291721031266","< 00:01","28.9"
"","","","","2014 EX24","5","2456726.107691324","2014-Mar-09 14:35","0.00175891310553864","0.00175346937551298","0.00176435670669798","16.1961798790034","16.1023772856104","00:04","28.6"
"","","","","2014 GY44","13","2456746.518227196","2014-Mar-30 00:26","0.0011208944290273","0.00112072712732145","0.00112106173065413","12.4972026471368","12.3055220075675","< 00:01","25.4"
"","","","","2014 GC49","5","2456750.624585436","2014-Apr-03 02:59","0.000759462894921363","0.000757049974725622","0.00076187552351657","17.0776409659341","16.8709535703792","00:05","28.6"
"","","","","2014 JG55","5","2456788.345963918","2014-May-10 20:18","0.000675604082046058","0.000674861615224754","0.00067634644687277","10.4587713717623","10.0746317052834","< 00:01","29.2"
"","","","","2014 KW76","9","2456804.478449250","2014-May-26 23:29","0.00229852770889511","0.00229256713873978","0.00230448796059393","15.1275378266469","15.0507135398233","< 00:01","27.9"
"","","","","2014 LN17","5","2456812.038649864","2014-Jun-03 12:56","0.00142973260018945","0.00141086022165834","0.0014486022352043","24.6712798026645","24.5956257412761","00:04","27.0"
"","","","","2014 LY21","11","2456812.234447056","2014-Jun-03 17:38","0.000133975955231724","6.0166467577167e-05","0.000554405760756716","13.3097858377442","11.7207044779838","3_08:16","29.1"
"","","","","2014 MH6","5","2456831.087002773","2014-Jun-22 14:05","0.00165099165955186","0.00164369585116775","0.00165828665481775","16.1992579976061","16.0993238253552","00:02","27.1"
"","","","","2014 OP2","8","2456862.857673075","2014-Jul-24 08:35","0.00133457923447516","0.00133301830028134","0.00133614006621524","11.66839734674","11.4960214328839","< 00:01","29.1"
"","","","","2014 RA","8","2456901.491582117","2014-Aug-31 23:48","0.000379116255004663","0.000377861904791511","0.000380370100069927","13.2545734407626","12.7132785603649","< 00:01","28.9"
"","","","","2014 SG1","4","2456921.116814630","2014-Sep-20 14:48","0.000531892109535927","0.000530910106274809","0.000532874043008319","13.8741158535096","13.5082278355159","< 00:01","29.1"
"","","","","2014 TL","11","2456932.165644015","2014-Oct-01 15:59","0.000655473691297626","0.000655082204488658","0.000655865152365812","11.1240584937897","10.7524295910823","< 00:01","27.8"
"","","","","2014 UF56","10","2456958.389962987","2014-Oct-27 21:22","0.0010975824458603","0.00109634649492122","0.00109881830589737","12.0669848422354","11.8641031982242","< 00:01","27.4"
"","","","","2014 WJ6","5","2456977.175031133","2014-Nov-15 16:12","0.00222601655521711","0.00222019539128297","0.00223183737709943","14.6457205489446","14.5637627875682","00:01","27.1"
"","","","","2014 YR14","14","2457017.911002329","2014-Dec-26 09:52","0.00233595296410174","0.00233554564528441","0.0023363602828718","15.1364357824589","15.0608900783587","< 00:01","26.1"
"","","","","2015 AQ43","8","2457037.055526438","2015-Jan-14 13:20","0.00105324117134396","0.00105115044595116","0.00105533165700192","12.5069726502484","12.3030396325235","< 00:01","28.0"
"","","","","2015 CH13","5","2457064.762036334","2015-Feb-11 06:17","0.00188729509446549","0.00187757722322858","0.00189701189983867","15.2939723536821","15.2013813340406","< 00:01","28.6"
"","","","","2015 DQ224","4","2457071.556575783","2015-Feb-18 01:21","0.000722503084280593","0.000680064658537333","0.000765093017143567","15.0212339642902","14.7736853880416","03:55","29.3"
"","","","","2015 ET","16","2457092.195970539","2015-Mar-10 16:42","0.000835432075527702","0.000834954168290295","0.000835909962606962","12.3775188361985","12.1171071955841","< 00:01","26.7"
"","","","","2015 EO6","5","2457093.521634456","2015-Mar-12 00:31","0.000731739432634355","0.000728299960520309","0.000735178554740775","23.8202972590306","23.6669383520523","< 00:01","30.2"
"","","","","2015 GU","6","2457124.733455878","2015-Apr-12 05:36","0.000738767782711911","0.000738330707019623","0.000739204837036011","11.6575905527704","11.3439900691283","< 00:01","28.4"
"","","","","2015 GL13","6","2457128.828569683","2015-Apr-16 07:53","0.00124114613273407","0.00123908832566677","0.00124320381310181","13.9667642073876","13.8122019845717","< 00:01","28.8"
"","","","","2015 HD1","10","2457133.845389405","2015-Apr-21 08:17","0.000395118212783946","0.00039466962268644","0.000395566761854951","15.9663298966191","15.5382332340902","< 00:01","27.4"
"","","","","2015 HG182","5","2457127.303006746","2015-Apr-14 19:16","0.00220154785199151","0.00219639454964183","0.00220670097203576","17.8595656196881","17.7916703320683","< 00:01","28.7"
"","","","","2015 JF1","4","2457157.994605139","2015-May-15 11:52","0.00207699432866541","0.00207308196023374","0.00208090652101794","13.7761828878092","13.6827449022603","< 00:01","28.1"
"","","","","2015 KW121","7","2457166.251451682","2015-May-23 18:02","0.00191039588299105","0.00190223067934494","0.00191856064476863","21.0695166676371","21.0032159454967","< 00:01","26.1"
"","","","","2015 LF","9","2457182.492071239","2015-Jun-08 23:49","0.00131530715429183","0.00131331360600631","0.00131730061597965","16.7601229875262","16.6388169301916","< 00:01","26.6"
"","","","","2015 LR21","18","2435277.559154864","1955-Jun-19 01:25","0.00151526043297442","0.00140651114976301","0.00162413971031241","14.0015980879037","13.8754419425482","00:18","26.6"
"","","","","2015 PK","6","2457240.630842080","2015-Aug-06 03:08","0.000531486705959302","0.000530619089087038","0.000532354373472724","16.31121072136","16.0009087746311","00:04","28.1"
"","","","","2015 SK7","10","2457288.405726607","2015-Sep-22 21:44","0.000177901160375831","0.000177448070917297","0.000178354056591243","13.7086304562072","12.5686891018051","00:03","28.9"
"","","","","2015 VP64","6","2457331.885461508","2015-Nov-05 09:15","0.00187499494828387","0.00186965086939296","0.00188033886976598","20.4567253137313","20.3871403490064","00:03","28.3"
"","","","","2015 VY105","8","2457341.610946388","2015-Nov-15 02:40","0.00023131916645831","0.000230868031847541","0.00023177016943264","17.4224053826316","16.7482224158652","< 00:01","29.0"
"","","","","2015 WP2","4","2457346.571495473","2015-Nov-20 01:43","0.00153618144959544","0.00153357930392375","0.00153878342680128","12.8399593904466","12.704156516795","< 00:01","30.1"
"","","","","2015 XY261","7","2457372.077495899","2015-Dec-15 13:52","0.00192776585890413","0.00192611966199679","0.00192941200269251","11.9218848555972","11.8053809802373","< 00:01","27.2"
"","","","","2015 YJ","8","2457370.387561986","2015-Dec-13 21:18","0.000476134122915086","0.000474104220144811","0.000478163654227022","16.7180432909174","16.3798911400009","00:06","28.2"
"","","","","2016 AN164","4","2457402.121842119","2016-Jan-14 14:55","0.000247595434716971","0.000247068879482163","0.000248121710311005","13.179837275601","12.336339146722","< 00:01","30.4"
"","","","","2016 AQ164","4","2457398.093740997","2016-Jan-10 14:15","0.000697816065906942","0.000693495833376591","0.000702134653945692","14.1537609001685","13.8813660697866","00:02","29.8"
"","","","","2016 AN165","6","2457401.114239685","2016-Jan-13 14:45","0.00120011323300818","0.00119872109272017","0.00120150530231091","10.9824439606033","10.7783902067471","< 00:01","27.7"
"","","","","2016 CM194","6","2457431.825183888","2016-Feb-13 07:48","0.000516984831053416","0.000516842086922642","0.000517127570837414","12.0039788028784","11.5666650801502","< 00:01","27.7"
"","","","","2016 CW264","4","2457428.984623440","2016-Feb-10 11:38","0.00140612719630072","0.00139901095400034","0.00141324310631763","24.4833356860052","24.4058172089162","00:02","29.8"
"","","","","2016 DK2","5","2457444.804558560","2016-Feb-26 07:19","0.0021225218333045","0.00211498018378529","0.00213006309958167","18.7340450295465","18.6669164559227","< 00:01","28.9"
"","","","","2016 DY30","4","2457444.332767417","2016-Feb-25 19:59","9.56261117948933e-05","9.49318216812241e-05","9.63214944340168e-05","17.342551325617","15.6536596988352","00:06","30.5"
"","","","","2016 DA31","6","2457448.163682182","2016-Feb-29 15:56","0.00133904485705863","0.00132665185170413","0.00135143151506672","13.8759843958629","13.7318342342988","00:02","29.9"
"","","","","2016 EK1","4","2457451.254185797","2016-Mar-03 18:06","0.00135260239863264","0.00135178708571843","0.00135341770078097","18.4862619825388","18.3793933528378","< 00:01","29.1"
"","","","","2016 EL1","4","2457451.995539940","2016-Mar-04 11:54","0.00153815061135431","0.00153581067265721","0.00154049049966667","20.1285425837715","20.042297852739","< 00:01","27.8"
"","","","","2016 EV28","5","2457455.712436814","2016-Mar-08 05:06","0.00103216754988134","0.00103165824519909","0.00103267685080336","25.6351533462504","25.5342555336057","< 00:01","28.5"
"","","","","2016 EN157","4","2457457.615999146","2016-Mar-10 02:47","0.00215589134542109","0.00214959239759319","0.00216218974298757","12.5592024838938","12.4604074878542","< 00:01","28.0"
"","","","","2016 FC1","4","2457462.102284718","2016-Mar-14 14:27","0.00112246915458803","0.00111837221181333","0.00112656545377519","16.1917590826815","16.0444859622993","00:02","29.1"
"","","","","2016 FU6","4","2457473.304921522","2016-Mar-25 19:19","0.00119556696083109","0.00119369906977124","0.00119743475204135","10.2652883056841","10.0458388936394","00:04","28.9"
"","","","","2016 FW13","7","2457483.597735825","2016-Apr-05 02:21","0.00210115438517357","0.00209573301896996","0.00210657510571153","10.4572473578158","10.3352705384634","< 00:01","29.5"
"","","","","2016 FE15","7","2457476.096006081","2016-Mar-28 14:18","0.00180397549405395","0.00179908779639277","0.00180886273297646","12.2845989948804","12.1637726102149","< 00:01","28.8"
"","","","","2016 GN134","5","2457483.077992494","2016-Apr-04 13:52","0.000382446679397897","0.000382118056844825","0.000382775276781497","13.9039537443243","13.3935084736083","< 00:01","30.2"
"","","","","2016 GO134","4","2457487.318996955","2016-Apr-08 19:39","0.00221882968347967","0.00221290930551516","0.00222474986983629","15.1948566335712","15.1156200725107","00:03","27.6"
"","","","","2016 GS134","11","2457479.747384529","2016-Apr-01 05:56","0.00133349825409453","0.00133092408438941","0.00133607211289675","11.2362211240854","11.0569634365624","< 00:01","27.7"
"","","","","2016 GO206","6","2457485.334031505","2016-Apr-06 20:01","0.00220226706978312","0.00219777584393438","0.00220675826278309","22.5349981533769","22.4812451025033","00:06","26.3"
"","","","","2016 JS5","5","2457514.449149032","2016-May-05 22:47","0.00135529041271307","0.00135437268625651","0.00135620812309862","16.0765510878124","15.9537934916344","< 00:01","30.7"
"","","","","2016 LP10","4","2457549.272088991","2016-Jun-09 18:32","0.000479018633036904","0.000477042044270391","0.000480994241653764","15.9151273003925","15.5617009047616","00:01","29.3"
"","","","","2016 LR51","3","2457544.687852193","2016-Jun-05 04:31","0.00235015683905433","0.00232655130688026","0.00237375450515804","11.4920547169533","11.3929728762925","00:03","27.4"
"","","","","2016 RN41","5","2457643.122054053","2016-Sep-11 14:56","0.000158549253564343","0.000148233820519243","0.00016863314238776","11.7217270570775","10.1876464057041","00:02","31.028"
"","","","","2016 SJ","4","2457653.269682722","2016-Sep-21 18:28","0.000997468449864206","0.00099557526177233","0.000999361432104801","13.7038099141324","13.5074765489988","< 00:01","29.0"
"","","","","2016 SU2","9","2457656.296347568","2016-Sep-24 19:07","0.00234787632258842","0.00234376990052704","0.00235198255523896","12.865285191119","12.7767707169798","< 00:01","27.6"
"","","","","2016 TD","4","2457662.218562292","2016-Sep-30 17:15","0.0015119314582174","0.00150961509800072","0.00151424770155887","13.8148232832525","13.6866628146419","< 00:01","28.1"
"","","","","2016 TT","13","2453274.693208313","2004-Sep-26 04:38","0.00171837815517677","0.00164790725573789","0.0673387903328106","11.7622170042696","11.6296428528394","8_03:05","26.0"
"","","","","2016 TB19","4","2457673.300445242","2016-Oct-11 19:13","0.00211725862638903","0.00211252442551073","0.00212199252257679","13.1205884402468","13.0243205827214","< 00:01","29.1"
"","","","","2016 TS54","4","2457671.681986921","2016-Oct-10 04:22","0.00050155241942069","0.000499860101849615","0.000503244593305187","16.9337618702311","16.6170804420152","00:03","27.8"
"","","","","2016 UD","3","2456949.060593405","2014-Oct-18 13:27","0.000332172815969906","0.000193126531912799","0.154026492698726","22.4928552187974","22.1333640973574","7_14:22","26.6"
"","","","","2016 UD","3","2457679.480459680","2016-Oct-17 23:32","0.000484841458082134","0.000482113240715292","0.000487570193174529","22.3639683407809","22.116870108277","00:14","26.6"
"","","","","2016 VA","5","2429204.748260273","1938-Nov-02 05:57","0.00148043016055218","0.00106986135764401","0.0369390131983927","21.1166581910048","21.0312541618938","22:18","27.6"
"","","","","2016 VA","5","2457694.529189803","2016-Nov-02 00:42","0.000629561745613697","0.000628973275217991","0.000630150196225871","21.2426310556488","21.0424528347685","< 00:01","27.6"
"","","","","2016 VF18","3","2457702.983210030","2016-Nov-10 11:36","0.000467365905368173","0.000423223353178114","0.000511606625877242","13.7323127133089","13.310683673679","01:06","29.875"
"","","","","2016 WT","6","2457709.787778421","2016-Nov-17 06:54","0.00129088088230858","0.00128822576361891","0.00129353561902181","10.94598902464","10.7557667760125","< 00:01","29.79"
"","","","","2016 WT3","3","2457714.037854753","2016-Nov-21 12:55","0.00242932409981009","0.00242106199988952","0.0024375856130051","14.5276402181054","14.4519456493568","00:01","28.6"
"","","","","2016 XL23","3","2457723.037455266","2016-Nov-30 12:54","0.000579870560349963","0.000578183553255759","0.000581557403809305","10.6001257777237","10.157399066096","00:03","29.264"
"","","","","2017 AG13","6","2457763.034938844","2017-Jan-09 12:50","0.00139488791558342","0.00139400846749284","0.0013957673464283","15.7038197411824","15.5817073983303","< 00:01","26.1"
"","","","","2017 BH30","7","2457783.701952890","2017-Jan-30 04:51","0.000346572337317051","0.000346452865101575","0.000346691805344804","15.4607435988695","14.9552135568187","< 00:01","28.8"
"","","","","2017 BS32","10","2457787.349938545","2017-Feb-02 20:24","0.00108806568982193","0.00108751744559413","0.00108861391464813","11.5697948017402","11.3561660562915","< 00:01","27.2"
"","","","","2017 DR34","3","2457809.702700868","2017-Feb-25 04:52","0.00149382558833584","0.00149186107425358","0.00149578998585373","11.4121959403892","11.2548164348882","< 00:01","29.2"
"","","","","2017 DS109","4","2457818.103732995","2017-Mar-05 14:29","0.00236208282913971","0.00236043127079192","0.00236373434766121","11.3800946298556","11.2805368457277","< 00:01","26.0"
"","","","","2017 EA","4","2457815.086723885","2017-Mar-02 14:05","0.000139688516976705","0.000139665304708248","0.000139711728662736","18.4208169080238","17.3544699835795","< 00:01","30.8"
"","","","","2017 FS","4","2457831.648195329","2017-Mar-19 03:33","0.000730485324017411","0.000729668125981661","0.000731302490714957","20.0597925317964","19.8771271315737","< 00:01","28.9"
"","","","","2017 FM1","3","2457833.443264627","2017-Mar-20 22:38","0.000855767580731846","0.000854946780844182","0.00085658830984105","10.4216501309718","10.1184821819632","< 00:01","29.5"
"","","","","2017 FN1","4","2457833.376175899","2017-Mar-20 21:02","0.000422724431645111","0.000422010479941977","0.00042343831168092","18.2592014503741","17.9106731888259","< 00:01","30.6"
"","","","","2017 FD3","6","2457830.102813729","2017-Mar-17 14:28","0.00120281137906393","0.00120067993366835","0.00120494258437332","11.5775214128619","11.3845765325281","< 00:01","27.7"
"","","","","2017 FJ101","5","2457842.826990965","2017-Mar-30 07:51","0.00217482558041981","0.00217273689501723","0.00217691418955373","11.3041764676264","11.1952719114837","< 00:01","28.3"
"","","","","2017 FW158","2","2457830.088970180","2017-Mar-17 14:08","0.000815592663148162","0.000812142612937263","0.00081904221530773","15.4083020309341","15.1947992171424","00:12","28.355"
"","","","","2017 GM","6","2457847.938847722","2017-Apr-04 10:32","0.000108736938810741","0.000108675309496725","0.000108798557941958","18.4953860458686","17.1193311827518","< 00:01","29.9"
"","","","","2017 HJ","11","2457859.738101680","2017-Apr-16 05:43","0.000907539577654197","0.000906791892008301","0.000908287232840629","15.0353257262142","14.8387716810831","< 00:01","27.53"
"","","","","2017 HG49","2","2457864.689487942","2017-Apr-21 04:33","0.00238118128501436","0.0023573058632275","0.00240505212236796","13.7798715230256","13.6984273441401","00:15","27.5"
"","","","","2017 JA","2","2457875.808340304","2017-May-02 07:24","0.000666207712130397","0.000665752423886158","0.000666662985901624","16.0262218983279","15.7746899681775","< 00:01","29.1"
"","","","","2017 JQ1","2","2457877.553055643","2017-May-04 01:16","0.00113587137427043","0.00113388201314349","0.00113786051522531","11.2380169299727","11.0273074030994","< 00:01","29.3"
"","","","","2017 OO1","8","2457955.647468062","2017-Jul-21 03:32","0.000852410181055235","0.000850827214611293","0.00085399295786458","10.3651272923118","10.059037090964","< 00:01","24.5"
"","","","","2017 QP1","2","2457980.390871838","2017-Aug-14 21:23","0.000418709946740721","0.000404232930440866","0.000433168315161171","23.9644729753233","23.6974445073456","00:18","24.3"
"","","","","2017 QN2","3","2457986.413859950","2017-Aug-20 21:56","0.00144736957844725","0.00144414618756676","0.00145059274435638","15.2923041886171","15.1714450316009","< 00:01","28.3"
"","","","","2017 SS12","7","2458021.147562314","2017-Sep-24 15:32","0.00172041157154159","0.00171902928992453","0.00172179379057689","10.3130180501651","10.1617346304641","< 00:01","27.1"
"","","","","2017 SZ32","2","2458017.159146297","2017-Sep-20 15:49","0.00137394961803026","0.00136861834128577","0.00137928061330924","22.3304549281193","22.243440563295","00:02","29.227"
"","","","","2017 TQ2","2","2458027.011109592","2017-Sep-30 12:16","0.000691325927217184","0.000688664521041015","0.000693987111246021","14.7349232761623","14.4709933313995","00:03","29.358"
"","","","","2017 TF5","2","2458036.819687380","2017-Oct-10 07:40","0.00187946275257634","0.00185050245706105","0.00190842073586996","22.8114402320571","22.7492075183292","01:01","25.4"
"","","","","2017 TH5","3","2458043.219310494","2017-Oct-16 17:16","0.00066766112657964","0.000667272554956824","0.000668049678999773","12.0565419151288","11.7208647678994","< 00:01","28.4"
"","","","","2017 UF","5","2458041.641139131","2017-Oct-15 03:23","0.002546856983236","0.00253719211847374","0.0025565215705759","23.0734364163046","23.0280503165776","< 00:01","27.9"
"","","","","2017 UR2","3","2458044.188723978","2017-Oct-17 16:32","0.00213119908060697","0.00212800616471643","0.00213439182493537","10.8422380185192","10.7263075819323","00:01","27.7"
"","","","","2017 UK8","3","2458056.720628798","2017-Oct-30 05:18","0.00151034454107564","0.00150860657477999","0.00151208243449389","14.0746957938068","13.9487904510045","< 00:01","28.2"
"","","","","2017 VE","4","2458061.717139344","2017-Nov-04 05:13","0.00227292395081364","0.00226805578115188","0.00227779188668881","14.0754692714585","13.9919368311458","< 00:01","26.6"
"","","","","2017 VW13","29","2452222.017584565","2001-Nov-08 12:25","0.000957718883644772","0.000812406336171224","0.00831628421179251","11.3313251129917","11.0830820939843","1_04:35","20.7"
"","","","","2017 VF14","5","2458071.146016923","2017-Nov-13 15:30","0.00204503671644811","0.00204136969685868","0.00204870350732902","11.9214054310225","11.8116089705247","< 00:01","28.5"
"","","","","2017 WW1","4","2458079.304333236","2017-Nov-21 19:18","0.000942197849898253","0.000941699558515335","0.000942696124724062","12.6627703867434","12.4374383666181","< 00:01","29.7"
"","","","","2017 WA14","5","2458079.328796367","2017-Nov-21 19:53","0.000633016777754453","0.000632575079763367","0.000633458457711589","16.3858365973478","16.1269119181823","< 00:01","27.4"
"","","","","2017 WE30","2","2458084.246609375","2017-Nov-26 17:55","0.000201268826018294","0.000197764413990498","0.000204774301274992","18.4928494553872","17.7625634409885","00:03","31.814"
"","","","","2017 YE7","2","2458118.240784665","2017-Dec-30 17:47","0.00205799681344355","0.00204449081177214","0.00207150172968485","20.1925440889368","20.1283244623697","< 00:01","28.5"
"","","","","2018 AH","23","2458120.683954064","2018-Jan-02 04:25","0.00198523033996956","0.00198512285923118","0.001985337820741","13.7538143820101","13.6558817950114","< 00:01","22.68"
"","","","","2018 BF3","5","2458137.625094629","2018-Jan-19 03:00","0.00162338108540756","0.00162154331152334","0.00162521878599245","13.4670540358702","13.3446211966902","< 00:01","26.0"
"","","","","2018 BN6","5","2458142.895031515","2018-Jan-24 09:29","0.00242359962622922","0.0024189055979855","0.00242829330647283","10.3392910040555","10.2324073412511","< 00:01","26.8"
"","","","","2018 BL11","3","2458139.329719588","2018-Jan-20 19:55","0.00202408483810582","0.0020209903748527","0.00202717911315189","11.4612161430209","11.3457789997474","< 00:01","28.2"
"","","","","2018 CC","6","2458156.341329923","2018-Feb-06 20:12","0.00126398537316227","0.00126226184066335","0.00126570873939894","10.6375685304633","10.4375220782301","< 00:01","26.6"
"","","","","2018 CF2","2","2458156.302616860","2018-Feb-06 19:16","0.000649806042736926","0.00064893795955943","0.000650674066498799","13.5414524352571","13.2351837537394","< 00:01","28.0"
"","","","","2018 CN2","3","2458158.809705204","2018-Feb-09 07:26","0.000466959185900703","0.00046659588633286","0.000467322467912319","20.1618392830501","19.8768136150777","< 00:01","27.8"
"","","","","2018 DQ","3","2458171.011460911","2018-Feb-21 12:17","0.000671481723219648","0.000668121748987594","0.000674841717474524","21.0568583567852","20.8675625106061","00:06","29.1"
"","","","","2018 DN4","2","2458174.136725317","2018-Feb-24 15:17","0.00141176392186809","4.53290149187771e-05","0.00297270936066721","18.116343221581","18.0118630508768","04:43","28.393"
"","","","","2018 FQ3","2","2458196.749079403","2018-Mar-19 05:59","0.00186930540855535","0.00185410423362958","0.00188450111196304","11.0397096563532","10.9098313408962","< 00:01","28.6"
"","","","","2018 FZ3","3","2458201.179816969","2018-Mar-23 16:19","0.00128760036490153","0.00128495103378606","0.00129024950545438","14.1092757322163","13.9618403973486","< 00:01","27.6"
"","","","","2018 FK5","2","2458208.061195139","2018-Mar-30 13:28","0.00100402930807346","0.00100218457182143","0.00100587381532556","11.497851775195","11.2646803156667","< 00:01","28.3"
"","","","","2018 FL29","2","2458195.470817062","2018-Mar-17 23:18","0.0014841165067874","0.00146224069609167","0.00150598135633999","12.0433722841156","11.8933660234349","00:20","30.037"
"","","","","2018 GE3","5","2458223.778551123","2018-Apr-15 06:41","0.00128976720143121","0.00128824520482133","0.00129128918337345","29.579135833402","29.5092113636716","< 00:01","23.8"
"","","","","2018 GY3","3","2458218.682902962","2018-Apr-10 04:23","0.00201257204519569","0.0020116762180558","0.00201346787780087","11.2652565762757","11.147114906637","00:02","27.6"
"","","","","2018 HV","3","2458231.212850012","2018-Apr-22 17:07","0.00103492584856583","0.00103422294323921","0.00103562873840861","16.0311523731236","15.8697424416087","< 00:01","28.9"
"","","","","2018 KY2","3","2458264.725983417","2018-May-26 05:25","0.00200235445068194","0.0019984677369333","0.00200624089775785","12.1799692519062","12.0702238853968","< 00:01","27.2"
"","","","","2018 LV3","5","2458284.604670606","2018-Jun-15 02:31","0.00220481258533718","0.00220116130237996","0.00220846364194545","11.1240417037406","11.0148689094015","< 00:01","26.5"
"","","","","2018 NW","3","2458307.633515391","2018-Jul-08 03:12","0.000832912513981543","0.000829097634362669","0.000836726907852795","21.2611245521002","21.1101263836867","< 00:01","27.8"
"","","","","2018 PD20","3","2458341.106746288","2018-Aug-10 14:34","0.000223886253158388","0.000223567647259704","0.000224204780575474","12.0395004874175","11.0067021054283","00:01","27.4"
"","","","","2018 QR1","2","2458352.382049087","2018-Aug-21 21:10","0.000590426087713746","0.000587373173231351","0.000593477843186448","18.0248131623743","17.7726833745185","00:02","27.232"
"","","","","2018 RS","2","2458367.223092576","2018-Sep-05 17:21","0.000709899530152468","0.000705393153068317","0.000714405364645469","17.06700509964","16.8456530069419","00:04","30.0"
"","","","","2018 RY5","4","2458374.216563014","2018-Sep-12 17:12","0.00119937573289725","0.00119754864615007","0.00120120277760291","23.7165464199918","23.6226895968353","< 00:01","26.6"
"","","","","2018 RZ5","3","2458374.338718589","2018-Sep-12 20:08","0.000331387039343228","0.000330911884195121","0.000331862186961214","20.2297776885954","19.8283417255386","< 00:01","29.7"
"","","","","2018 SC","3","2457462.892298929","2016-Mar-15 09:25","0.000534159710074668","0.000486884782214435","0.0180812262789755","14.2993060272553","13.9461038733515","1_00:37","28.0"
"","","","","2018 SC","3","2458380.115167229","2018-Sep-18 14:46","0.00179490387628769","0.00179262196043144","0.0017971857116653","14.0288960082531","13.9226788016711","< 00:01","28.0"
"","","","","2018 SM","2","2458377.436677068","2018-Sep-15 22:29","0.000284932470253341","0.000284453058641278","0.000285411689703939","11.0830544260136","10.2044874095882","< 00:01","29.4"
"","","","","2018 TV5","2","2458397.724973308","2018-Oct-06 05:24","0.000681988935335106","0.000681460414661698","0.000682517431307493","15.283917284034","15.0261198709216","< 00:01","29.5"
"","","","","2018 UA","5","2458411.115353579","2018-Oct-19 14:46","9.13916748256049e-05","9.13493635013376e-05","9.1433999455049e-05","14.1459743317095","11.9079626000351","< 00:01","30.2"
"","","","","2018 VO5","8","2458428.563398245","2018-Nov-06 01:31","0.000942183831339868","0.000940998911499338","0.00094336865417414","12.2150994244949","11.9813475474862","< 00:01","26.7"
"","","","","2018 VJ10","2","2458437.360113123","2018-Nov-14 20:39","0.00132800702588223","0.0013225919045371","0.00133342127041486","13.503537967762","13.3541300274111","< 00:01","28.6"
"","","","","2018 WE","3","2458441.079914588","2018-Nov-18 13:55","0.00160358380160987","0.00160181766705655","0.00160534986420612","12.8044100836222","12.673979717266","< 00:01","28.4"
"","","","","2018 WG","5","2458439.301673773","2018-Nov-16 19:14","0.000206243167457976","0.000206094977565055","0.000206391336757408","11.84682953883","10.7008942975218","< 00:01","29.3"
"","","","","2018 WJ","7","2458442.474254009","2018-Nov-19 23:23","0.000793631523517534","0.000792236584302079","0.000795026375889858","18.6567817479656","18.4759534050333","< 00:01","27.9"
"","","","","2018 WE1","13","2458447.502295502","2018-Nov-25 00:03","0.000715647965290611","0.000715160564783129","0.000716135331782068","12.008041362386","11.6938751709371","< 00:01","26.1"
"","","","","2018 WZ1","3","2458449.935543330","2018-Nov-27 10:27","0.000729120380961202","0.000728608293709879","0.000729632443048773","14.1786800217207","13.9185565714377","< 00:01","29.4"
"","","","","2018 WA3","5","2458450.674280588","2018-Nov-28 04:11","0.00215602244150051","0.00215207562383075","0.00215996912659272","16.4071503300325","16.3316539267083","< 00:01","28.0"
"","","","","2018 XA4","3","2458464.154420840","2018-Dec-11 15:42","0.0024910402662599","0.00247944376094985","0.00250263546947666","12.7632100142174","12.679127712553","00:01","29.0"
"","","","","2018 YL2","3","2458480.231279770","2018-Dec-27 17:33","0.00039799174858835","0.000396861373583943","0.000399121706135138","11.9120249841768","11.3360803728556","< 00:01","29.4"
"","","","","2019 AW2","10","2458481.023467525","2018-Dec-28 12:34","0.00110518168958465","0.00110450858081576","0.00110585478435817","14.0471452715747","13.8744548025045","< 00:01","25.37"
"","","","","2019 AS5","4","2458491.525633850","2019-Jan-08 00:37","0.000100705233003908","0.000100671968369916","0.000100738496461157","12.5187728738837","10.1883890504179","< 00:01","32.3"
"","","","","2019 AE9","2","2458495.964579219","2019-Jan-12 11:09","0.000666096740217037","0.000665925141444657","0.00066626833708111","19.2225339123761","19.0132988364348","< 00:01","27.2"
"","","","","2019 BV1","2","2458508.370028341","2019-Jan-24 20:53","0.000903672436029146","0.000902165938091319","0.000905178829696286","14.3974430261884","14.1911720137541","< 00:01","28.8"
"","","","","2019 BZ3","5","2458511.478393994","2019-Jan-27 23:29","0.000321713813473466","0.000321362360603352","0.000322065218075936","11.3722360582479","10.6190145440736","< 00:01","28.78"
"","","","","2019 CN5","2","2458525.807760143","2019-Feb-11 07:23","0.00079315216387395","0.000790421258171695","0.000795883058301632","15.8413783589884","15.6278776292093","00:03","27.9"
"","","","","2019 DF","3","2458541.382662994","2019-Feb-26 21:11","0.00115675585450307","0.00104883237229188","0.00126419130968859","14.9457273296437","14.7908063251544","00:09","29.8"
"","","","","2019 DS1","15","2440644.081420929","1970-Feb-26 13:57","0.00241504809082314","0.0024017970167297","0.0024283388051419","10.5273647813061","10.4220365107465","< 00:01","25.6"
"","","","","2019 DG2","2","2458540.819056776","2019-Feb-26 07:39","0.00157711550796128","0.00155775154082555","0.00159647978548678","21.0387666500173","20.9583104002717","00:24","28.475"
"","","","","2019 EH1","2","2458544.234994258","2019-Mar-01 17:38","0.000156761063087617","0.000156648302185753","0.000156873815047146","15.6099934539764","14.4802537370797","< 00:01","30.098"
"","","","","2019 FC1","4","2458570.740253423","2019-Mar-28 05:46","0.000689643899787936","0.000688464589197646","0.000690823168624517","25.9155998632541","25.7660862353919","< 00:01","25.6"
"","","","","2019 FV1","2","2458573.727375546","2019-Mar-31 05:27","0.0022331418807911","0.00222591643479966","0.0022403669974546","18.2791384130867","18.2137474359038","< 00:01","28.9"
"","","","","2019 GN20","2","2458585.796073048","2019-Apr-12 07:06","0.00252534036749847","0.00252363900173411","0.00252704171162798","14.81288607135","14.7414856622807","< 00:01","26.5"
"","","","","2019 GP21","2","2458574.289310514","2019-Mar-31 18:57","0.00238292785845117","0.00198634138752095","0.00277961506560752","10.9770525100687","10.8747126228732","06:12","29.761"
"","","","","2019 HE","4","2458594.383066921","2019-Apr-20 21:12","0.00149621291946069","0.00149370634116618","0.00149871931592064","12.1809486068634","12.0338637902648","< 00:01","26.7"
"","","","","2019 JK","8","2458603.841733763","2019-Apr-30 08:12","0.00178280726001433","0.00177899411357288","0.00178662026113804","17.9069503251042","17.8232933841145","< 00:01","28.0"
"","","","","2019 JX1","5","2458606.026762639","2019-May-02 12:39","0.00120006070164233","0.00119695224818537","0.00120316882524872","14.5367548622839","14.3832078360286","< 00:01","29.1"
"","","","","2019 KT","3","2458631.658452607","2019-May-28 03:48","0.00217290277884789","0.00217129060171386","0.0021745149147166","11.621013114739","11.5150112943967","< 00:01","26.6"
"","","","","2019 LY4","2","2458640.562578671","2019-Jun-06 01:30","0.00055890576354653","0.000557902310937833","0.000559909134803242","20.7357009410237","20.5045035364485","< 00:01","27.8"
"","","","","2019 OD","10","2458689.063231337","2019-Jul-24 13:31","0.00239164412385898","0.00239158881997207","0.00239169942774494","19.1927749434725","19.1346401324213","< 00:01","23.4"
"","","","","2019 OK","7","2458689.557181812","2019-Jul-25 01:22","0.00047697856030704","0.000476939532506357","0.000477017588129522","24.5347211337972","24.3059708266754","< 00:01","23.3"
"","","","","2019 OD3","2","2458692.622407733","2019-Jul-28 02:56","0.00125530996633767","0.00125127425566611","0.00125934533804886","18.1037548522985","17.9861281554669","< 00:01","26.9"
"","","","","2019 ON3","2","2458693.554707195","2019-Jul-29 01:19","0.00142614180812422","0.00141746091555424","0.00143482362198237","14.1649939517419","14.0324775991741","00:14","27.8"
"","","","","2019 QD","2","2458717.561054235","2019-Aug-22 01:28","0.00200456420880131","0.0020009453928746","0.00200818286132426","15.10283172027","15.0145633771909","< 00:01","28.8"
"","","","","2019 QB1","7","2458715.996309984","2019-Aug-20 11:55","0.000827106612864908","0.000825256378775614","0.000828956552929608","11.881722763304","11.6074305385239","< 00:01","27.5"
"","","","","2019 QH2","2","2458716.258404861","2019-Aug-20 18:12","0.000329878679634724","0.000324183875011247","0.000335570897656986","14.0749534245247","13.4888848817131","00:08","30.4"
"","","","","2019 QQ3","2","2458722.134569712","2019-Aug-26 15:14","0.000636485645068876","0.000634850565141091","0.000638120635530636","19.7291425554479","19.5158036803645","00:01","29.3"
"","","","","2019 QR8","2","2458721.868728170","2019-Aug-26 08:51","0.00206668746694878","0.00198674402590792","0.00214663586646859","12.980642104688","12.8809381261615","01:08","27.9"
"","","","","2019 RQ","3","2458729.197683909","2019-Sep-02 16:45","0.000738698285706566","0.000736648810332176","0.000740747291524202","13.2166711761549","12.9408814050858","< 00:01","30.6"
"","","","","2019 RC1","3","2458733.949916246","2019-Sep-07 10:48","0.00123057239361361","0.00122708813233827","0.00123405646213566","20.3569361479986","20.2502932777805","< 00:01","28.9"
"","","","","2019 RP1","4","2458732.419273801","2019-Sep-05 22:04","0.000253153373362749","0.000252304184505583","0.000254002495078931","25.8774971844554","25.4675193895682","< 00:01","27.9"
"","","","","2019 SD1","2","2458747.781901750","2019-Sep-21 06:46","0.00186954012886766","0.00186489526173113","0.00187418489093867","24.0856482584408","24.0264029878167","< 00:01","28.5"
"","","","","2019 SU2","3","2458747.616654896","2019-Sep-21 02:48","0.000481457027518685","0.000480364734106993","0.000482549007920197","11.9240510298152","11.4505280907933","00:01","30.1"
"","","","","2019 SS3","3","2458749.448469835","2019-Sep-22 22:46","0.00187944733877837","0.00187336896036598","0.00188552517065823","14.4169255774053","14.3182525855024","00:03","26.2"
"","","","","2019 SM8","3","2458758.080390724","2019-Oct-01 13:56","0.00106495088925676","0.00106378545520319","0.00106611626681236","14.2244187193918","14.0474246781669","< 00:01","29.2"
"","","","","2019 TE","2","2458755.356290826","2019-Sep-28 20:33","0.00238190005549192","0.00226923566105138","0.00249456112319144","19.629349230353","19.5722783305777","01:31","28.0"
"","","","","2019 TN5","3","2458762.443097614","2019-Oct-05 22:38","0.000827113393577083","0.000825843069350471","0.000828383575332192","12.7262401999562","12.4705392958258","< 00:01","28.3"
"","","","","2019 UG","8","2458774.891132569","2019-Oct-18 09:23","0.00215442966131337","0.00215279504225154","0.00215606423988322","12.1032052540052","12.0005869914144","< 00:01","28.1"
"","","","","2019 UB8","6","2458785.770834184","2019-Oct-29 06:30","0.00127364978916441","0.00127193476370649","0.00127536466226561","10.5753308953123","10.3756261158961","< 00:01","29.0"
"","","","","2019 UN8","3","2458780.191864843","2019-Oct-23 16:36","0.00241112179720055","0.00240139850065336","0.00242084461853234","19.2803821731368","19.2229805010763","< 00:01","29.7"
"","","","","2019 UO8","3","2458782.062208778","2019-Oct-25 13:30","0.00105157452568832","0.00105011815935088","0.00105303086444331","25.2365034822497","25.1359007871332","< 00:01","29.3"
"","","","","2019 UD10","2","2458783.922568228","2019-Oct-27 10:08","0.00112100170980294","0.00111837003852906","0.00112363295856209","11.5296024703469","11.3215717098098","00:02","28.2"
"","","","","2019 UN13","2","2458788.114910460","2019-Oct-31 14:45","8.43156436848206e-05","8.30538277504179e-05","8.55749006356822e-05","12.8450933878234","10.0892979714107","< 00:01","32.0"
"","","","","2019 VD","4","2458791.913861279","2019-Nov-04 09:56","0.00116508656150643","0.00116145502068058","0.00116871742938999","12.003789474592","11.8117351875586","< 00:01","27.4"
"","","","","2019 VF5","5","2458797.469283768","2019-Nov-09 23:16","0.00127114040694894","0.00127048186985518","0.00127179893536528","17.9986279631559","17.8817880141245","< 00:01","27.5"
"","","","","2019 WH","3","2458806.834369181","2019-Nov-19 08:01","0.00056968452269621","0.000569366972875677","0.000570002047552928","10.977343616876","10.5426678454372","< 00:01","26.2"
"","","","","2019 WG2","9","2458810.863713243","2019-Nov-23 08:44","0.00120928370823948","0.00120919579864947","0.00120937161776975","14.9244637251772","14.7760925395398","< 00:01","24.8"
"","","","","2019 WJ4","4","2458818.336575950","2019-Nov-30 20:05","0.00219180236316009","0.00218660707228589","0.00219699748559808","18.5213581872755","18.4556060751398","< 00:01","28.4"
"","","","","2019 YB","2","2458835.508521776","2019-Dec-18 00:12","0.00112932611848273","0.00111765445801966","0.00114099201180336","12.8043618803611","12.6187549506105","00:03","29.7"
"","","","","2019 YU2","2","2458841.311213535","2019-Dec-23 19:28","0.000658194265166089","0.000657153268478787","0.000659235184652756","15.6279012783844","15.3666836793552","< 00:01","27.4"
"","","","","2019 YV4","2","2458843.403253897","2019-Dec-25 21:41","0.00251081289622525","0.00229896570771716","0.00272289768875563","20.1186409781766","20.0658244552976","11:01","27.3"
"","","","","2020 BK3","14","2458869.369278913","2020-Jan-20 20:52","0.0019981166578749","0.00199766292434544","0.00199857038731037","10.5277451781459","10.4003090228044","< 00:01","26.9"
"","","","","2020 BA13","6","2458876.205415929","2020-Jan-27 16:56","0.00132053306606876","0.00131802151987724","0.0013230442875287","10.3082741197577","10.11064068661","< 00:01","28.9"
"","","","","2020 BZ13","2","2458877.553821990","2020-Jan-29 01:18","0.000715637591042881","0.000714558362143614","0.000716716781584143","24.3981949168962","24.24511221689","< 00:01","29.9"
"","","","","2020 BA15","5","2458877.252098289","2020-Jan-28 18:03","0.00251706073173562","0.00250983853608753","0.0025242824151119","12.2259513980321","12.139058944951","< 00:01","27.4"
"","","","","2020 CA","2","2458882.159232489","2020-Feb-02 15:49","0.00146556527867947","0.00145880280907913","0.00147232723655459","13.2600419467177","13.1222178380204","00:02","29.6"
"","","","","2020 CW","3","2458881.034698612","2020-Feb-01 12:50","0.000104963863939523","0.00010461845432808","0.00010530925497458","21.2837453781035","20.0556315649105","< 00:01","32.56"
"","","","","2020 CZ","2","2458879.660371719","2020-Jan-31 03:51","0.00210480252955713","0.00209447319313658","0.00211512618449675","14.4889659453742","14.4013306620956","00:48","29.4"
"","","","","2020 DA1","3","2458897.938734749","2020-Feb-18 10:32","0.00129366234809031","0.00129067326035054","0.00129665129278748","19.0711425531766","18.9628372699298","< 00:01","29.8"
"","","","","2020 FD","4","2458926.670141126","2020-Mar-18 04:05","0.00171418281505056","0.00171303565436676","0.00171532995718236","15.5960362219022","15.496051110073","< 00:01","27.67"
"","","","","2020 FD2","3","2458923.346125246","2020-Mar-14 20:18","0.00219033579450254","0.0021555187447267","0.00222515058644866","33.4184725527289","33.3820515597584","00:05","25.7"
"","","","","2020 FL2","5","2458931.355594818","2020-Mar-22 20:32","0.000986754689029057","0.000985895686240696","0.000987613673142251","20.2533977912496","20.1196330047786","< 00:01","26.1"
"","","","","2020 FG4","2","2458928.066305842","2020-Mar-19 13:35","0.0012616936124407","0.00125486970141492","0.00126851666563334","11.3224042473368","11.1343245339755","00:51","26.9"
"","","","","2020 FJ4","3","2458934.071161839","2020-Mar-25 13:42","0.00171558487110157","0.00171485557433317","0.00171631415842031","13.6542109199367","13.5399878371237","< 00:01","29.5"
"","","","","2020 FB7","2","2458940.178192518","2020-Mar-31 16:17","0.000520935509282418","0.000520283196127729","0.000521587816554643","16.625142355458","16.3145874756398","< 00:01","26.1"
"","","","","2020 GH","3","2458943.419174035","2020-Apr-03 22:04","0.000837207668960694","0.000836188136911382","0.000838227133288846","12.8812532328854","12.6317665964037","< 00:01","29.0"
"","","","","2020 GY1","7","2458944.817311040","2020-Apr-05 07:37","0.000537312754587477","0.000537143185838622","0.000537482317312244","12.0754565532529","11.6575663947199","< 00:01","26.6"
"","","","","2020 HO","2","2458954.920674424","2020-Apr-15 10:06","0.00192874302344024","0.0019161587559731","0.00194132606772753","20.1070613014601","20.0382383520501","00:01","28.6"
"","","","","2020 HX3","6","2458964.318270622","2020-Apr-24 19:38","0.00168780661908907","0.00168556767399125","0.00169004548454844","15.0807105724372","14.9756637121341","< 00:01","27.2"
"","","","","2020 HM6","6","2458961.744211569","2020-Apr-22 05:52","0.00108848950461572","0.001084524774331","0.00109245371953772","15.9682582445407","15.8142193628753","< 00:01","26.6"
"","","","","2020 HP6","4","2458967.111283615","2020-Apr-27 14:40","0.000841156233787056","0.000839417650150863","0.000842894536750763","12.2184727567308","11.9564124383319","< 00:01","28.0"
"","","","","2020 HS7","4","2458968.285290159","2020-Apr-28 18:51","0.000285719874699874","0.000285607664861165","0.000285832078810359","15.5592933448316","14.9479302535196","< 00:01","29.1"
"","","","","2020 HU7","2","2458962.346547091","2020-Apr-22 20:19","0.000868544197240062","0.000865985042657468","0.000871102670154344","10.6675875827999","10.376026128135","< 00:01","29.7"
"","","","","2020 HT8","2","2458966.064385177","2020-Apr-26 13:33","0.000986088299111155","0.000983169368124664","0.000989007055234235","19.9878681224922","19.852222360087","00:01","28.6"
"","","","","2020 JA","4","2458973.333725176","2020-May-03 20:01","0.00159798538310552","0.00159460649868581","0.00160136415505539","20.2766045341085","20.1942044482338","< 00:01","27.2"
"","","","","2020 JG","4","2458970.318162788","2020-Apr-30 19:38","0.00142950747472471","0.00142368179493003","0.00143533213526997","13.217868641651","13.0760935660551","< 00:01","25.8"
"","","","","2020 JJ","3","2458974.003145869","2020-May-04 12:05","8.95978759447433e-05","8.94490618786109e-05","8.97468889049335e-05","14.3572480018827","12.1100856733462","< 00:01","30.00"
"","","","","2020 JN","2","2458974.640310336","2020-May-05 03:22","0.00166557099848427","0.00166367805001002","0.00166746391775539","21.9121082267433","21.8389791060539","< 00:01","27.4"
"","","","","2020 JV38","1","2458974.571345601","2020-May-05 01:43","0.00140213485545776","0.00139637377271244","0.00140789471969136","11.7810236209956","11.618602068751","< 00:01","27.55"
"","","","","2020 KF5","3","2458998.032636233","2020-May-28 12:47","0.00164925744566244","0.00164634330600948","0.00165217131269515","10.8588503532102","10.7090384701566","< 00:01","29.4"
"","","","","2020 LD","12","2459005.849233527","2020-Jun-05 08:23","0.00204816489867271","0.0020475561500234","0.00204877364794385","27.1446684808059","27.0967010135897","< 00:01","22.4"
"","","","","2020 OY4","5","2459058.729363800","2020-Jul-28 05:30","0.000277396177822458","0.000277207928155714","0.00027758440732067","12.3913711418914","11.5903165070289","< 00:01","30.35"
"","","","","2020 PW2","5","2459075.684126798","2020-Aug-14 04:25","0.0018668692668443","0.00186562101371067","0.0018681174805681","10.7679201539796","10.6345481787409","< 00:01","28.8"
"","","","","2020 PY2","12","2459082.478445291","2020-Aug-20 23:29","0.0023418833350605","0.0023377657792391","0.00234600077610034","16.8019754139378","16.7341231161554","< 00:01","26.5"
"","","","","2020 PX5","3","2459072.864592509","2020-Aug-11 08:45","0.00152567705284826","0.00152285650007707","0.00152849728799213","10.2864845881935","10.1152813489235","< 00:01","29.56"
"","","","","2020 QF2","4","2459079.570116657","2020-Aug-18 01:41","0.0014019308742898","0.00139896123498133","0.00140490011179592","10.8425482129128","10.6658190137674","< 00:01","27.9"
"","","","","2020 QY2","3","2459082.492860127","2020-Aug-20 23:50","0.000444683681783228","0.000444454801911852","0.000444912554134848","18.919756529016","18.6003623817724","< 00:01","31.20"
"","","","","2020 RF3","4","2459106.784180491","2020-Sep-14 06:49","0.000629007397546975","0.00062837302023362","0.000629641740662849","17.1600813339141","16.9114274578281","< 00:01","28.5"
"","","","","2020 RE5","2","2459102.201703265","2020-Sep-09 16:50","0.0016394557183745","0.00163480606030806","0.00164410507898547","17.037777203219","16.9421193546106","00:03","29.09"
"","","","","2020 RG10","2","2459102.981531993","2020-Sep-10 11:33","0.000908766364775061","0.000906642916077489","0.000910889600846745","13.3738212386252","13.1527619364435","00:03","28.8"
"","","","","2020 SZ2","2","2459111.677481007","2020-Sep-19 04:16","0.00244894553829864","0.00244252268974077","0.00245536770791707","11.0023309959231","10.902993425036","< 00:01","29.4"
"","","","","2020 SQ4","2","2459119.253705596","2020-Sep-26 18:05","0.00236326129811112","0.00234794221317121","0.00237857780645555","12.9281036187228","12.8405975687535","< 00:01","28.91"
"","","","","2020 SN5","3","2459117.032906523","2020-Sep-24 12:47","0.00134727602909985","0.00134217431674052","0.00135237697540071","13.4603509915642","13.3126139834063","< 00:01","28.12"
"","","","","2020 TA","7","2459123.963025623","2020-Oct-01 11:07","0.00147513181076411","0.0014711618130876","0.00147910133634582","11.9070107314476","11.7543342664048","00:02","25.5"
"","","","","2020 TE5","2","2459132.262778570","2020-Oct-09 18:18","0.000380328421135285","0.000377072594625859","0.000383586015602114","12.096741999904","11.5030300870689","00:05","29.02"
"","","","","2020 TK5","20","2436121.892081073","1957-Oct-10 09:25","0.00220968323182658","0.00201093545150635","0.00780238570110747","14.2960131804669","14.2114163146217","02:28","23.6"
"","","","","2020 TE6","5","2459141.304693191","2020-Oct-18 19:19","0.00153862307992676","0.00153502950400968","0.00154221618745473","10.7323317707867","10.5697438837791","< 00:01","27.50"
"","","","","2020 TF6","7","2459142.308353875","2020-Oct-19 19:24","0.00102570986647786","0.00102310463011487","0.00102831469339513","12.7341883127662","12.5285340718301","< 00:01","27.62"
"","","","","2020 TG6","3","2459140.252101016","2020-Oct-17 18:03","0.000928710241471538","0.000925354311024754","0.000932065782279215","18.8029738078947","18.6497668410993","< 00:01","29.11"
"","","","","2020 TK7","2","2459137.166955223","2020-Oct-14 16:00","0.000503318138141385","0.000502532985653415","0.000504103127787974","10.6503818508132","10.1411527361419","< 00:01","29.63"
"","","","","2020 UE","14","2459137.871707032","2020-Oct-15 08:55","0.00182146024370784","0.00182108798763914","0.00182183249768964","14.6337138855987","14.5334073828615","< 00:01","25.54"
"","","","","2020 UF3","4","2459145.428201219","2020-Oct-22 22:17","0.000288832358977026","0.000288615011350263","0.000289049696628325","22.0054904217724","21.5822057023668","< 00:01","28.38"
"","","","","2020 UO3","3","2459145.161942736","2020-Oct-22 15:53","0.00234270894629127","0.00233230833396575","0.0023531088265176","16.7565730245775","16.6885601568914","< 00:01","28.22"
"","","","","2020 VP1","4","2459164.790986905","2020-Nov-11 06:59","0.00122504643529827","0.00122312992065325","0.00122696290698516","21.8205366036606","21.7206310271281","< 00:01","27.66"
"","","","","2020 VR1","2","2459163.243877008","2020-Nov-09 17:51","0.00254019583185638","0.00253769088627721","0.00254270071063296","12.5342156507423","12.4502493346591","< 00:01","28.94"
"","","","","2020 WY4","2","2459177.638535951","2020-Nov-24 03:19","0.000746239363882057","0.000744166488468269","0.000748311947762273","16.2132013824548","15.9914606630277","00:04","28.9"
"","","","","2020 XE","8","2459185.016223640","2020-Dec-01 12:23","0.0019907646585862","0.00198464205919079","0.00199688708600464","23.6660183553184","23.6093961102357","00:01","26.24"
"","","","","2020 XG2","3","2459191.302143011","2020-Dec-07 19:15","0.000327294507974497","0.000326804045326741","0.000327784908439018","12.6007087611749","11.9371694964585","00:02","27.9"
"","","","","2020 YJ2","5","2459204.706280835","2020-Dec-21 04:57","0.00229153084185424","0.00228856011623358","0.00229450148013517","14.3135968249301","14.2321309876798","< 00:01","27.36"
"","","","","2021 AA","3","2459216.052728328","2021-Jan-01 13:16","0.00158559620415201","0.00157530061438774","0.00159589122501197","22.2152685842377","22.1394964583729","00:01","26.98"
"","","","","2021 AH","2","2459218.484082928","2021-Jan-03 23:37","0.000332785268490389","0.000332237829069809","0.000333332699944182","21.6667797319628","21.2940399901207","< 00:01","28.49"
"","","","","2021 AS2","3","2459223.901113635","2021-Jan-09 09:38","0.000717514375095656","0.000715168505605986","0.000719860118181571","24.6163709135078","24.46505151526","< 00:01","29.57"
"","","","","2021 AH8","2","2459219.306665549","2021-Jan-04 19:22","0.000354000189372321","0.000347517614332526","0.000360480132672969","25.9867329026744","25.6954614557753","00:05","29.59"
"","","","","2021 BK","3","2459232.552842458","2021-Jan-18 01:16","0.00075067239930234","0.000750208102771709","0.000751136670013219","11.4679612306685","11.154157115596","< 00:01","30.31"
"","","","","2021 BO1","2","2459234.595123215","2021-Jan-20 02:17","0.00167766509823197","0.00167416701771319","0.00168116277370543","10.2421534754526","10.0858957931996","< 00:01","29.2"
"","","","","2021 BV1","2","2459232.572400528","2021-Jan-18 01:44","0.00160580191418972","0.001602390113193","0.00160921361383095","21.6276163918593","21.5507592764288","< 00:01","28.03"
"","","","","2021 CO","9","2459257.140027211","2021-Feb-11 15:22","0.00241990218750417","0.00241677078043789","0.00242303346327234","11.5692900186136","11.4737236104133","< 00:01","25.18"
"","","","","2021 CV","2","2459249.738678237","2021-Feb-04 05:44","0.00134875785117561","0.00134499731005326","0.00135251799736879","12.6938925679452","12.537300202299","00:02","28.9"
"","","","","2021 CQ5","3","2459257.441212763","2021-Feb-11 22:35","0.00118584123780314","0.00118528983123385","0.00118639263231927","13.4154585843901","13.2469131376346","< 00:01","28.6"
"","","","","2021 CC6","2","2459257.957329065","2021-Feb-12 10:59","0.0011276681072617","0.00112673403059555","0.0011286021444022","13.5777352365975","13.402583690382","< 00:01","30.15"
"","","","","2021 DG","2","2459264.097999095","2021-Feb-18 14:21","0.00110869464522409","0.00110572980944289","0.00111165909237279","13.1098426764172","12.9252256803428","< 00:01","30.43"
"","","","","2021 EF1","3","2459281.698754374","2021-Mar-08 04:46","0.00187438188728394","0.00187018220965144","0.00187858124230434","12.1028485283115","11.9848193130121","< 00:01","29.7"
"","","","","2021 EG3","2","2459283.488212244","2021-Mar-09 23:43","0.000980669664548008","0.00097035535025451","0.000990982568851893","24.0579828907036","23.9447810818106","< 00:01","29.2"
"","","","","2021 EQ3","7","2459289.694803938","2021-Mar-16 04:41","0.00186143056266829","0.00185998844808237","0.00186287263389928","11.9946562128765","11.8747188588817","< 00:01","26.11"
"","","","","2021 EN4","3","2459288.666080176","2021-Mar-15 03:59","0.000472859021653359","0.0004720915270805","0.000473626454295942","17.2863644222522","16.9572621194714","< 00:01","29.68"
"","","","","2021 FH","9","2459297.202820384","2021-Mar-23 16:52","0.00157163963206657","0.00156930245700476","0.0015739766556415","11.9890626708859","11.8468106937934","< 00:01","26.73"
"","","","","2021 FM2","2","2459294.407273473","2021-Mar-20 21:46","0.000559389104022726","0.000558053784703655","0.000560724808984229","11.3086225770302","10.8792717932487","00:08","30.1"
"","","","","2021 GS","5","2459309.879254868","2021-Apr-05 09:06","0.00166657048842976","0.00166393792794596","0.00166920286367828","11.8698598535193","11.7343944545533","< 00:01","28.71"
"","","","","2021 GV","3","2459309.224413328","2021-Apr-04 17:23","0.00224192178149248","0.00223828001991404","0.00224556348000671","20.8459313673943","20.7888406230335","< 00:01","29.2"
"","","","","2021 GE2","4","2459307.829959752","2021-Apr-03 07:55","0.00160579444185893","0.00160187330999237","0.00160971532468614","15.4876418412008","15.3801322801858","< 00:01","29.15"
"","","","","2021 GT3","4","2459315.398800736","2021-Apr-10 21:34","0.00170902599253501","0.00170319323652215","0.00171485854489625","24.418650611415","24.3547196968101","< 00:01","26.35"
"","","","","2021 GZ7","1","2459310.277218086","2021-Apr-05 18:39","0.00126449948744351","0.00126072185190794","0.00126827644126308","10.2744968439828","10.0673234978625","< 00:01","28.95"
"","","","","2021 GF10","2","2459319.894899272","2021-Apr-15 09:29","0.000773853166352597","0.000773188786808302","0.000774517502640928","13.7033134385563","13.4497038364651","< 00:01","28.17"
"","","","","2021 GN10","2","2459320.437888425","2021-Apr-15 22:31","0.00192244599612496","0.00191871221048859","0.00192617953237763","12.0158316311997","11.8999261277062","< 00:01","28.39"
"","","","","2021 GW16","1","2459319.412403513","2021-Apr-14 21:54","0.000195309855138654","0.000194994755247203","0.000195624869576974","12.7916471944782","11.6765405855302","00:02","30.1"
"","","","","2021 GA168","2","2459316.383338602","2021-Apr-11 21:12","0.0015624973123788","0.00156023366005022","0.00156476092760139","24.3997189304979","24.3297296423144","< 00:01","28.86"
"","","","","2021 HN","3","2459323.828775806","2021-Apr-19 07:53","0.00169876861259503","0.00169713118370392","0.00170040601190439","18.1227853029106","18.0360304203185","< 00:01","26.9"
"","","","","2021 HE1","4","2459321.834041444","2021-Apr-17 08:01","0.00152592580346612","0.00152437210126132","0.00152747944015534","11.7263446598144","11.5764796054912","< 00:01","28.93"
"","","","","2021 JW","3","2459337.097703363","2021-May-02 14:21","0.00173349409238786","0.00172848423695462","0.00173850371815606","19.2840120380457","19.2041403389421","< 00:01","27.6"
"","","","","2021 JS1","2","2459340.817983078","2021-May-06 07:38","0.000739193387146032","0.000738769924526388","0.000739616842845265","22.7090107178256","22.5497231506558","< 00:01","28.49"
"","","","","2021 JU6","2","2459349.125349282","2021-May-14 15:01","0.000442176755596696","0.000441251682202419","0.000443101531418338","11.6019583212314","11.0704014716194","< 00:01","27.1"
"","","","","2021 KO2","3","2459364.667310259","2021-May-30 04:01","0.00247741548214411","0.00247144609231046","0.00248338459990868","15.000294653608","14.9284233717741","< 00:01","28.02"
"","","","","2021 LV","4","2459362.055637144","2021-May-27 13:20","0.00187595019169848","0.0018729786224905","0.00187892163911323","14.8876903054888","14.7919792760217","00:03","27.92"
"","","","","2021 LX1","5","2459369.687963412","2021-Jun-04 04:31","0.00106703782207881","0.00106023212578759","0.0010738422711193","17.3646786063751","17.2202759008964","00:03","27.10"
"","","","","2021 LG5","1","2459378.429598002","2021-Jun-12 22:19","0.00106350817081265","0.00106237222569015","0.00106464408273618","15.8257135521884","15.6666037620593","< 00:01","28.71"
"","","","","2021 MK1","39","2423596.546069003","1923-Jun-26 01:06","0.0024549084815873","0.0018281674737732","0.0300371377473621","10.5355321701115","10.4320037346937","1_00:04","21.32"
"","","","","2021 NA","2","2459398.706397284","2021-Jul-03 04:57","0.000436449543216786","0.000436194407153266","0.000436704657561762","11.390842090442","10.8416553304109","< 00:01","28.55"
"","","","","2021 NU3","2","2459403.804697751","2021-Jul-08 07:19","0.00119510907465025","0.00119175644437615","0.0011984611423533","12.0130222748496","11.8259769798185","< 00:01","28.64"
"","","","","2021 OV","1","2459416.118799567","2021-Jul-20 14:51","0.00131090166970053","0.00118778628636845","0.00143397383870951","14.0371139995225","13.8915607493793","01:00","27.75"
"","","","","2021 PC","1","2459429.029054384","2021-Aug-02 12:42","0.0010983022992542","0.00109786891590491","0.00109873566982438","11.818380840074","11.6112931836043","< 00:01","26.72"
"","","","","2021 PK4","1","2459433.337454624","2021-Aug-06 20:06","0.00159801781871381","0.00158920042300365","0.0016068332602586","12.1080393484109","11.9695399416534","00:02","28.19"
"","","","","2021 PY4","1","2459431.946044434","2021-Aug-05 10:42","0.00187722320349916","0.00186886464171868","0.00188558116548949","17.4735079259912","17.3920882550167","00:04","26.54"
"","","","","2021 PA17","2","2459441.091210231","2021-Aug-14 14:11","0.000446573212890478","0.000445770064110895","0.000447376331707605","17.4267070762077","17.0808992251653","00:03","27.82"
"","","","","2021 PL132","1","2459429.222364197","2021-Aug-02 17:20","0.00232628787007527","0.0023204178873077","0.00233215744596562","12.6909252229209","12.600350260148","< 00:01","28.21"
"","","","","2021 RS2","4","2459465.810864615","2021-Sep-08 07:28","0.000145089442397883","0.000145023138909299","0.000145155741987939","17.6021434912378","16.5259393764383","< 00:01","30.35"
"","","","","2021 RN5","6","2459459.821531934","2021-Sep-02 07:43","0.00253062101215918","0.00252406631806712","0.00253717536162666","14.1456309519129","14.0710015328196","< 00:01","27.57"
"","","","","2021 RS100","1","2459464.751585475","2021-Sep-07 06:02","0.00127912957522577","0.00126223066984801","0.00129602680680632","20.1458825105706","20.0422179448163","00:10","28.76"
"","","","","2021 SG","6","2459474.352777517","2021-Sep-16 20:28","0.00163772104240432","0.00163589725001776","0.00163954481120551","23.8197943182065","23.7513939525088","< 00:01","24.01"
"","","","","2021 SP","1","2459474.993228674","2021-Sep-17 11:50","9.42695366288059e-05","9.37626036228074e-05","9.47754978389428e-05","14.3667108232274","12.2422800933419","< 00:01","29.27"
"","","","","2021 SQ","1","2459478.120066400","2021-Sep-20 14:53","0.00184163289163964","0.00183310493419869","0.0018501604391405","10.7387412566737","10.6031579488595","00:10","28.41"
"","","","","2021 SQ1","2","2459484.934409924","2021-Sep-27 10:26","0.00111094584970747","0.00110931166485869","0.00111257992270553","13.3954645497314","13.2152069315888","00:01","28.8"
"","","","","2021 SW1","1","2459484.379535112","2021-Sep-26 21:07","0.00181556394675162","0.00179261046712948","0.00183851316418794","10.7634837035929","10.6262612449423","00:11","29.82"
"","","","","2021 TT","2","2459488.094850064","2021-Sep-30 14:17","0.00088581480915668","0.000882320497857541","0.000889308640625606","15.93589568676","15.7460118080695","< 00:01","27.92"
"","","","","2021 TX","1","2459489.394958033","2021-Oct-01 21:29","0.000283330371294498","0.000283068162355627","0.000283592585902992","17.7179466310342","17.1789797935735","< 00:01","31.18"
"","","","","2021 TG1","1","2459491.403566797","2021-Oct-03 21:41","0.00195749882960497","0.00195472434448798","0.0019602731368625","11.0095057792686","10.8851682141523","< 00:01","28.20"
"","","","","2021 TT1","4","2459497.627550339","2021-Oct-10 03:04","0.00250527650365822","0.00249413576401512","0.00251641654334712","17.0710684341906","17.0086531936565","< 00:01","26.24"
"","","","","2021 TV1","4","2459490.670050395","2021-Oct-03 04:05","0.00107756891824456","0.00107577240593201","0.00107936515795429","10.2516760991105","10.0075726251137","< 00:01","28.20"
"","","","","2021 TT13","1","2459498.637012575","2021-Oct-11 03:17","0.000357862550037189","0.000356136168272296","0.000359587922370261","13.5327673710791","12.9709180874791","< 00:01","29.70"
"","","","","2021 TG14","7","2459505.535432427","2021-Oct-18 00:51","0.00167010801554366","0.00166835997839186","0.00167185596496027","11.3997274286327","11.2589075228372","< 00:01","28.23"
"","","","","2021 TH15","1","2459498.749052756","2021-Oct-11 05:59","0.00210519153081862","0.00209905990292005","0.00211132287280727","12.5173344390499","12.4158092754491","00:04","28.88"
"","","","","2021 TJ15","1","2459504.068044008","2021-Oct-16 13:38","0.00256885926025969","0.00256097294378581","0.00257674495632032","12.3396289820928","12.255284487101","< 00:01","28.41"
"","","","","2021 UT","6","2459511.950714591","2021-Oct-24 10:49","0.0010024038110143","0.00100180828879852","0.00100299930522187","11.2153575016392","10.9757944725826","< 00:01","29.30"
"","","","","2021 UA1","3","2459512.629931193","2021-Oct-25 03:07","6.30135027524984e-05","6.29494816431506e-05","6.30775132439756e-05","15.8350068603359","12.8910403820963","< 00:01","31.84"
"","","","","2021 UO1","3","2459512.579796381","2021-Oct-25 01:55","0.00101895402235674","0.00101447318360731","0.00102343430026635","18.6167998946803","18.4758059635026","< 00:01","28.03"
"","","","","2021 UW1","8","2459518.352691919","2021-Oct-30 20:28","0.00255623839649682","0.00255371405033472","0.00255876268845162","13.8156136434213","13.7399597041104","< 00:01","26.17"
"","","","","2021 UT5","3","2459517.034695164","2021-Oct-29 12:50","0.00204783437517455","0.00204531440133186","0.00205035424288986","12.1424294256736","12.0347975183092","< 00:01","28.36"
"","","","","2021 UV5","1","2459516.541597075","2021-Oct-29 01:00","0.000773554019825865","0.000772443576631646","0.000774664343006109","12.9315349639885","12.6623721151189","00:03","28.79"
"","","","","2021 UJ6","7","2459518.525051138","2021-Oct-31 00:36","0.00231643958018358","0.00231248146786509","0.00232039758803547","17.3030247246068","17.2364198482989","< 00:01","28.25"
"","","","","2021 UA7","1","2459514.605713984","2021-Oct-27 02:32","0.000856918512346314","0.000853769614071664","0.00086006726742936","27.7716742742859","27.6594856400873","00:06","28.76"
"","","","","2021 UF12","1","2459517.240256726","2021-Oct-29 17:46","0.00161459785288579","0.00161302584435251","0.00161616982057519","15.7469783241252","15.641829805989","< 00:01","29.29"
"","","","","2021 VK3","1","2459526.204542192","2021-Nov-07 16:55","0.000567408348167542","0.000566820450085236","0.000567996195949398","14.4095333826693","14.0798757088183","< 00:01","30.46"
"","","","","2021 VM3","3","2459527.197018518","2021-Nov-08 16:44","0.00203883173555295","0.00203448400463668","0.00204317914785982","11.8551313784889","11.7443777411918","< 00:01","29.86"
"","","","","2021 VU4","2","2459529.325335870","2021-Nov-10 19:48","0.000724378024290393","0.000723143085863624","0.000725612867400818","16.114816922441","15.8849213220068","< 00:01","28.41"
"","","","","2021 VC7","4","2459530.825935277","2021-Nov-12 07:49","0.00123643389817055","0.00123334582792055","0.00123952176848958","18.5931022428731","18.4768370881157","< 00:01","28.30"
"","","","","2021 VY7","2","2459530.201946624","2021-Nov-11 16:51","0.00213815343481816","0.00213008720203705","0.00214621871582113","12.3823687540498","12.2813166143427","< 00:01","29.38"
"","","","","2021 VD8","3","2459528.082857055","2021-Nov-09 13:59","0.000831301973485195","0.000830175953258594","0.000832427854486728","11.9767672032503","11.7060914096688","< 00:01","30.38"
"","","","","2021 WA1","8","2459545.073028496","2021-Nov-26 13:45","0.00206114322630164","0.00205921593830479","0.00206307046878416","13.89924709472","13.8059274039104","< 00:01","27.70"
"","","","","2021 WC1","1","2459547.127247635","2021-Nov-28 15:03","0.00136307976786114","0.00136039885609385","0.00136576037671473","11.7019996457134","11.5337460063069","00:01","28.52"
"","","","","2021 WF3","4","2459550.274673922","2021-Dec-01 18:36","0.000959021871047423","0.00095758784086738","0.000960455741952802","11.6657495881055","11.4251062680967","< 00:01","29.42"
"","","","","2021 XL","2","2459550.447141346","2021-Dec-01 22:44","0.00135055756715229","0.00134933290625067","0.00135178216538024","10.3761394449004","10.1842291130212","< 00:01","28.87"
"","","","","2021 XV","1","2459548.677647407","2021-Nov-30 04:16","0.000991012575107766","0.000955893650525953","0.00102615013173831","10.9791769423211","10.7314975513573","01:17","30.10"
"","","","","2021 XV4","1","2459559.284483036","2021-Dec-10 18:50","0.00120094499535319","0.00118941603013918","0.00121247152432639","20.1115439885358","20.0009224053812","< 00:01","28.64"
"","","","","2021 XX4","4","2459560.132717533","2021-Dec-11 15:11","0.00250996897846474","0.00249853409730845","0.00252140266677858","13.5144710243496","13.4356916354139","< 00:01","28.59"
"","","","","2021 XU5","1","2459558.406542726","2021-Dec-09 21:45","0.00160012790113414","0.00152863093225229","0.00167159485949625","19.2382945693005","19.1515441931813","00:16","29.41"
"","","","","2021 XC6","4","2459564.840249695","2021-Dec-16 08:10","0.00139729860875133","0.00139545722427611","0.00139913982578322","10.3641217031889","10.1784704513752","< 00:01","28.25"
"","","","","2022 AO1","2","2459583.179606728","2022-Jan-03 16:19","0.00232363105052161","0.00231669806816687","0.00233056353040992","14.0833111553654","14.0016526714739","< 00:01","29.60"
"","","","","2022 AP1","2","2442415.464771409","1975-Jan-02 23:09","0.00183797403319552","0.00161375213485853","0.126579540292383","10.5565315454102","10.4183008535125","9_12:39","28.36"
"","","","","2022 AP1","2","2459582.205767286","2022-Jan-02 16:56","0.00120897613101094","0.00120209743454463","0.00121585169483014","10.6566230480628","10.4477646855813","00:02","28.36"
"","","","","2022 AY4","1","2459585.671412642","2022-Jan-06 04:07","0.00201901755575386","0.00201135933034187","0.0020266754802871","17.2116654145002","17.1348196459764","00:02","29.70"
"","","","","2022 BN","4","2459603.093256376","2022-Jan-23 14:14","0.000616752169037283","0.000616436335454972","0.000617067991021046","15.2861308300698","15.0008479477285","< 00:01","28.47"
"","","","","2022 BD1","2","2459606.537053030","2022-Jan-27 00:53","0.00123769254762665","0.00123423176915936","0.00124115322275896","26.1418973709891","26.0594174693406","< 00:01","29.32"
"","","","","2022 BH3","6","2459607.223637999","2022-Jan-27 17:22","0.00210813940581332","0.00210633145966016","0.00210994730281951","12.2364776456781","12.1327483831876","< 00:01","26.28"
"","","","","2022 CY1","1","2459613.230138280","2022-Feb-02 17:31","0.00182543294729553","0.00181314558119529","0.00183771957122702","12.2671086242724","12.1475375771743","00:16","28.08"
"","","","","2022 CB3","1","2459616.393930685","2022-Feb-05 21:27","0.000560778877650259","0.000559504541724718","0.000562053080248684","17.0929145676409","16.8126424975677","< 00:01","30.53"
"","","","","2022 CD3","3","2459618.624483380","2022-Feb-08 02:59","0.00191677711346533","0.00191410406982176","0.00191944999544181","11.2027964309951","11.0780179551172","< 00:01","28.572"
"","","","","2022 CJ5","3","2455237.682024345","2010-Feb-10 04:22","0.000917818482321227","0.00090913873656566","0.0254767020959942","10.8138236200284","10.5419479866951","3_15:29","30.277"
"","","","","2022 CJ5","3","2459620.952611331","2022-Feb-10 10:52","0.000212898647346858","0.000212848940014216","0.000212948352035493","11.6329520175608","10.5021463018854","< 00:01","30.277"
"","","","","2022 CG7","2","2459623.145035400","2022-Feb-12 15:29","0.000340845183282837","0.000340216794107218","0.000341473519184736","15.4453088867014","14.930606940113","00:01","28.582"
"","","","","2022 DY1","3","2459635.246300986","2022-Feb-24 17:55","0.00148798251045612","0.00148606767130787","0.00148989726525783","14.2580102360417","14.1318620274938","< 00:01","27.91"
"","","","","2022 DO3","4","2459637.716994940","2022-Feb-27 05:12","0.000878641761812007","0.000876790312574751","0.000880493071393","15.0264224612423","14.8232377060942","< 00:01","26.925"
"","","","","2022 EQ","1","2459641.690003786","2022-Mar-03 04:34","0.00097304205391339","0.000972431103371864","0.00097365297397848","11.4545376283061","11.2129316331502","< 00:01","29.701"
"","","","","2022 EF1","2","2459642.569127842","2022-Mar-04 01:40","0.00188461124889723","0.00188142618086263","0.00188779605377809","10.71539448286","10.5826302019885","< 00:01","29.038"
"","","","","2022 ES3","3","2459652.304395916","2022-Mar-13 19:18","0.00222497417170869","0.00220124998004683","0.00224869494741908","18.3135834933665","18.2480759248409","00:10","27.123"
